row_index,Груз,Год,Вид сообщения,Направление,"Погрузка, млн. т","Погрузка базовая, млн. т","Грузооборот, млрд. ткм","Грузооборот базовый, млрд. ткм",Средняя дальность,Грузооборот 2019,Индекс грузооборота,Индекс перевезено
10,Уголь каменный,2020,внутрироссийское,в целом,153.6,153.6,157.8,157.8,1021.0,179.1,0.88089425,0.993743171058906
11,Кокс каменноугольный,2020,внутрироссийское,в целом,7.4,7.4,20.4,20.4,2746.0,18.5,1.104408489,0.9970007651150592
12,Нефть и нефтепродукты,2020,внутрироссийское,в целом,117.8,117.8,185.0,185.0,1516.0,211.1,0.876353292,0.9649881019077085
13,Руды металлические,2020,внутрироссийское,в целом,110.8,110.8,109.6,109.6,984.0,115.9,0.945582561,0.994850318174006
14,Черные металлы,2020,внутрироссийское,в целом,38.0,38.0,62.6,62.6,1242.0,65.9,0.951023407,0.7536912461767045
15,Лесные грузы,2020,внутрироссийское,в целом,20.7,20.7,18.1,18.1,858.0,17.0,1.067165018,0.9796837354096231
16,Минерально-строительные материалы,2020,внутрироссийское,в целом,192.9,192.9,192.7,192.7,892.0,186.9,1.031270504,0.8931326469394381
17,Химические и минеральные удобрения,2020,внутрироссийское,в целом,26.4,26.4,48.8,48.8,1828.0,45.8,1.064756146,0.9901455873698952
18,Зерно и продукты перемола,2020,внутрироссийское,в целом,13.1,13.1,25.4,25.4,1918.0,27.3,0.931570599,0.9865389979207873
19,Прочие,2020,внутрироссийское,в целом,88.9,88.9,147.8,147.8,2064.0,149.5,0.988143848,1.2420915313237195
20,Уголь каменный,2021,внутрироссийское,в целом,156.6,156.6,167.5,167.5,1067.0,179.1,0.935368636,0.9970391338410196
21,Кокс каменноугольный,2021,внутрироссийское,в целом,7.9,7.9,21.4,21.4,2715.0,18.5,1.157490587,1.0045468602340664
22,Нефть и нефтепродукты,2021,внутрироссийское,в целом,126.1,126.1,197.6,197.6,1532.0,211.1,0.936115165,0.976991310555802
23,Руды металлические,2021,внутрироссийское,в целом,112.1,112.1,107.3,107.3,954.0,115.9,0.925165043,0.9969517689392305
24,Черные металлы,2021,внутрироссийское,в целом,39.6,39.6,63.1,63.1,1243.0,65.9,0.957717063,0.7808571290667974
25,Лесные грузы,2021,внутрироссийское,в целом,22.4,22.4,19.3,19.3,848.0,17.0,1.140488286,0.9840248245412352
26,Минерально-строительные материалы,2021,внутрироссийское,в целом,191.4,191.4,192.2,192.2,913.0,186.9,1.028832118,0.9091624599584615
27,Химические и минеральные удобрения,2021,внутрироссийское,в целом,26.3,26.3,49.5,49.5,1867.0,45.8,1.079000425,0.9929977493237517
28,Зерно и продукты перемола,2021,внутрироссийское,в целом,13.0,13.0,27.3,27.3,2066.0,27.3,0.998836083,0.9877573232920404
29,Прочие,2021,внутрироссийское,в целом,97.3,97.3,161.6,161.6,2116.0,149.5,1.080936618,1.273657768039865
30,Уголь каменный,2022,внутрироссийское,в целом,157.3,157.3,175.5,175.5,1111.0,179.1,0.980012243,0.9958807354761595
31,Кокс каменноугольный,2022,внутрироссийское,в целом,7.4,7.4,20.1,20.1,2695.0,18.5,1.087930738,0.9928889075966846
32,Нефть и нефтепродукты,2022,внутрироссийское,в целом,129.0,129.0,213.2,213.2,1612.0,211.1,1.009970995,0.9751724969999808
33,Руды металлические,2022,внутрироссийское,в целом,114.8,114.8,117.1,117.1,1015.0,115.9,1.009993996,0.9956669687894449
34,Черные металлы,2022,внутрироссийское,в целом,42.4,42.4,74.9,74.9,1398.0,65.9,1.13767361,0.7913844576874425
35,Лесные грузы,2022,внутрироссийское,в целом,21.5,21.5,19.7,19.7,891.0,17.0,1.163021225,0.9699850555343499
36,Минерально-строительные материалы,2022,внутрироссийское,в целом,193.0,193.0,215.4,215.4,1018.0,186.9,1.152907281,0.9119022101395703
37,Химические и минеральные удобрения,2022,внутрироссийское,в целом,30.8,30.8,56.8,56.8,1813.0,45.8,1.240128206,0.9819191018094103
38,Зерно и продукты перемола,2022,внутрироссийское,в целом,12.1,12.1,27.5,27.5,2216.0,27.3,1.009300683,0.9754100807228571
39,Прочие,2022,внутрироссийское,в целом,96.7,96.7,164.6,164.6,2234.0,149.5,1.100725561,1.3125671692988687
40,Уголь каменный,2023,внутрироссийское,в целом,157.9,157.9,179.1,179.1,1134.0,179.1,1.000025782,0.9999240317150832
41,Кокс каменноугольный,2023,внутрироссийское,в целом,7.7,7.7,21.1,21.1,2744.0,18.5,1.143481837,1.0
42,Нефть и нефтепродукты,2023,внутрироссийское,в целом,130.0,130.0,216.6,216.6,1650.0,211.1,1.026078462,0.9899388409483842
43,Руды металлические,2023,внутрироссийское,в целом,112.9,112.9,115.7,115.7,1020.0,115.9,0.997781036,0.9959092539784274
44,Черные металлы,2023,внутрироссийское,в целом,39.4,39.4,73.7,73.7,1410.0,65.9,1.118629686,0.7547858770934325
45,Лесные грузы,2023,внутрироссийское,в целом,23.6,23.6,21.7,21.7,900.0,17.0,1.279043512,0.9807088430609642
46,Минерально-строительные материалы,2023,внутрироссийское,в целом,195.0,195.0,216.4,216.4,1000.0,186.9,1.158312529,0.9009354482061451
47,Химические и минеральные удобрения,2023,внутрироссийское,в целом,30.4,30.4,58.5,58.5,1900.0,45.8,1.276568017,0.9882638676003161
48,Зерно и продукты перемола,2023,внутрироссийское,в целом,12.7,12.7,27.1,27.1,2100.0,27.3,0.992242328,0.9831474436417408
49,Прочие,2023,внутрироссийское,в целом,96.9,96.9,174.4,174.4,2240.0,149.5,1.166021112,1.2453120018462476
50,Уголь каменный,2024,внутрироссийское,в целом,156.5,156.5,177.5,177.5,1134.0,179.1,0.990930396,0.9998594446787034
51,Кокс каменноугольный,2024,внутрироссийское,в целом,7.7,7.7,21.1,21.1,2744.0,18.5,1.143481837,1.0000000000000002
52,Нефть и нефтепродукты,2024,внутрироссийское,в целом,130.7,130.7,217.9,217.9,1650.0,211.1,1.032241325,0.9895098330173765
53,Руды металлические,2024,внутрироссийское,в целом,114.3,114.3,117.1,117.1,1020.0,115.9,1.009937918,0.9957842519726199
54,Черные металлы,2024,внутрироссийское,в целом,39.5,39.5,74.2,74.2,1415.0,65.9,1.127071573,0.7529402794456835
55,Лесные грузы,2024,внутрироссийское,в целом,23.8,23.8,22.1,22.1,910.0,17.0,1.303272802,0.9797867522950887
56,Минерально-строительные материалы,2024,внутрироссийское,в целом,196.0,196.0,216.4,216.4,995.0,186.9,1.158271814,0.9010595243932273
57,Химические и минеральные удобрения,2024,внутрироссийское,в целом,31.3,31.3,60.2,60.2,1900.0,45.8,1.312950227,0.9873261049401035
58,Зерно и продукты перемола,2024,внутрироссийское,в целом,13.5,13.5,28.8,28.8,2100.0,27.3,1.056352443,0.9834417547514807
59,Прочие,2024,внутрироссийское,в целом,97.7,97.7,175.3,175.3,2250.0,149.5,1.172201882,1.2540738145023302
60,Уголь каменный,2025,внутрироссийское,в целом,156.5,156.5,177.6,177.6,1134.0,179.1,0.991246943,0.9995401476636946
61,Кокс каменноугольный,2025,внутрироссийское,в целом,7.7,7.7,21.1,21.1,2744.0,18.5,1.143481837,1.0000000000000002
62,Нефть и нефтепродукты,2025,внутрироссийское,в целом,133.6,133.6,223.3,223.3,1650.0,211.1,1.05754689,0.9872623938009378
63,Руды металлические,2025,внутрироссийское,в целом,116.0,116.0,118.8,118.8,1020.0,115.9,1.025071515,0.9956748229029243
64,Черные металлы,2025,внутрироссийское,в целом,39.8,39.8,75.1,75.1,1420.0,65.9,1.140801391,0.7521766821448752
65,Лесные грузы,2025,внутрироссийское,в целом,24.4,24.4,22.9,22.9,920.0,17.0,1.351550027,0.9792511136974756
66,Минерально-строительные материалы,2025,внутрироссийское,в целом,202.0,202.0,220.3,220.3,985.0,186.9,1.178733353,0.9033516562033466
67,Химические и минеральные удобрения,2025,внутрироссийское,в целом,32.1,32.1,61.8,61.8,1900.0,45.8,1.348187309,0.9861199087370163
68,Зерно и продукты перемола,2025,внутрироссийское,в целом,14.0,14.0,29.9,29.9,2100.0,27.3,1.095598307,0.9833325138895717
69,Прочие,2025,внутрироссийское,в целом,99.2,99.2,176.5,176.5,2255.0,149.5,1.180292802,1.267409307013015
70,Уголь каменный,2026,внутрироссийское,в целом,156.5,156.5,177.9,177.9,1136.0,179.1,0.9932998324958124,0.9999680549089603
71,Кокс каменноугольный,2026,внутрироссийское,в целом,7.8,7.8,21.4,21.4,2744.0,18.5,1.160411309,0.9998720245712823
72,Нефть и нефтепродукты,2026,внутрироссийское,в целом,136.0,136.0,226.7,226.7,1650.0,211.1,1.073513598,0.9900863964218427
73,Руды металлические,2026,внутрироссийское,в целом,123.3,123.3,125.7,125.7,1014.0,115.9,1.084120903,0.9949656610488947
74,Черные металлы,2026,внутрироссийское,в целом,47.9,47.9,86.9,86.9,1434.0,65.9,1.31972581,0.7894302788329768
75,Лесные грузы,2026,внутрироссийское,в целом,25.0,25.0,23.6,23.6,925.0,17.0,1.390908555,0.9787092220828104
76,Минерально-строительные материалы,2026,внутрироссийское,в целом,212.2,212.2,231.0,231.0,987.0,186.9,1.236451628,0.9060405674573986
77,Химические и минеральные удобрения,2026,внутрироссийское,в целом,34.9,34.9,67.1,67.1,1889.0,45.8,1.464988654,0.9830788847590161
78,Зерно и продукты перемола,2026,внутрироссийское,в целом,14.4,14.4,30.9,30.9,2105.0,27.3,1.131375328,0.9831393485150789
79,Прочие,2026,внутрироссийское,в целом,100.9,100.9,179.5,179.5,2260.0,149.5,1.200528842,1.2700334987921045
80,Уголь каменный,2027,внутрироссийское,в целом,156.5,156.5,178.2,178.2,1138.0,179.1,0.994754598,0.9999616627298912
81,Кокс каменноугольный,2027,внутрироссийское,в целом,7.9,7.9,21.8,21.8,2744.0,18.5,1.177489284,0.9998738806911338
82,Нефть и нефтепродукты,2027,внутрироссийское,в целом,138.3,138.3,232.2,232.2,1650.0,211.1,1.099905439,0.9829484617095305
83,Руды металлические,2027,внутрироссийское,в целом,125.0,125.0,126.8,126.8,1009.0,115.9,1.093704522,0.9948752004664365
84,Черные металлы,2027,внутрироссийское,в целом,48.4,48.4,88.0,88.0,1437.0,65.9,1.335600231,0.7906467014725063
85,Лесные грузы,2027,внутрироссийское,в целом,25.5,25.5,24.2,24.2,930.0,17.0,1.4285844,0.978160743072081
86,Минерально-строительные материалы,2027,внутрироссийское,в целом,218.2,218.2,237.8,237.8,990.0,186.9,1.272646133,0.9080606947794044
87,Химические и минеральные удобрения,2027,внутрироссийское,в целом,35.7,35.7,68.4,68.4,1884.0,45.8,1.492848334,0.982061722921394
88,Зерно и продукты перемола,2027,внутрироссийское,в целом,14.8,14.8,31.8,31.8,2110.0,27.3,1.164912989,0.9829221507603061
89,Прочие,2027,внутрироссийское,в целом,102.8,102.8,180.7,180.7,2265.0,149.5,1.208180248,1.2888153363984844
90,Уголь каменный,2028,внутрироссийское,в целом,156.5,156.5,178.5,178.5,1140.0,179.1,0.996508457,0.9999552762446902
91,Кокс каменноугольный,2028,внутрироссийское,в целом,8.0,8.0,22.1,22.1,2744.0,18.5,1.194864268,0.9998757146408154
92,Нефть и нефтепродукты,2028,внутрироссийское,в целом,140.6,140.6,236.5,236.5,1650.0,211.1,1.120279775,0.9809000286011261
93,Руды металлические,2028,внутрироссийское,в целом,126.7,126.7,127.9,127.9,1004.0,115.9,1.103044929,0.9947867229601681
94,Черные металлы,2028,внутрироссийское,в целом,48.9,48.9,89.0,89.0,1440.0,65.9,1.351332675,0.7918091565568143
95,Лесные грузы,2028,внутрироссийское,в целом,26.0,26.0,24.8,24.8,935.0,17.0,1.464379459,0.9776012648697485
96,Минерально-строительные материалы,2028,внутрироссийское,в целом,224.2,224.2,244.6,244.6,993.0,186.9,1.308830089,0.90996616180409
97,Химические и минеральные удобрения,2028,внутрироссийское,в целом,36.3,36.3,69.6,69.6,1879.0,45.8,1.518448543,0.9810608506010298
98,Зерно и продукты перемола,2028,внутрироссийское,в целом,15.2,15.2,32.7,32.7,2115.0,27.3,1.197124352,0.9826948698189487
99,Прочие,2028,внутрироссийское,в целом,105.0,105.0,184.0,184.0,2270.0,149.5,1.230153346,1.2952307147449387
100,Уголь каменный,2029,внутрироссийское,в целом,156.5,156.5,178.8,178.8,1142.0,179.1,0.998262343,0.9999488842391356
101,Кокс каменноугольный,2029,внутрироссийское,в целом,8.2,8.2,22.4,22.4,2744.0,18.5,1.212387756,0.9998775110240079
102,Нефть и нефтепродукты,2029,внутрироссийское,в целом,142.8,142.8,240.7,240.7,1650.0,211.1,1.14006799,0.9789139386262015
103,Руды металлические,2029,внутрироссийское,в целом,128.4,128.4,128.9,128.9,999.0,115.9,1.112126303,0.994700050939701
104,Черные металлы,2029,внутрироссийское,в целом,49.5,49.5,90.0,90.0,1443.0,65.9,1.366921883,0.7929197010076444
105,Лесные грузы,2029,внутрироссийское,в целом,26.4,26.4,25.4,25.4,940.0,17.0,1.499533046,0.9770484532653289
106,Минерально-строительные материалы,2029,внутрироссийское,в целом,230.1,230.1,251.3,251.3,996.0,186.9,1.344927028,0.9117612444920755
107,Химические и минеральные удобрения,2029,внутрироссийское,в целом,36.9,36.9,70.7,70.7,1874.0,45.8,1.541642375,0.9800691753923836
108,Зерно и продукты перемола,2029,внутрироссийское,в целом,15.5,15.5,33.5,33.5,2120.0,27.3,1.22784353,0.9824552523520593
109,Прочие,2029,внутрироссийское,в целом,107.3,107.3,187.6,187.6,2275.0,149.5,1.254493527,1.3008994727578647
110,Уголь каменный,2030,внутрироссийское,в целом,156.5,156.5,179.1,179.1,1144.0,179.1,1.000016246,0.9999424979076528
111,Кокс каменноугольный,2030,внутрироссийское,в целом,8.3,8.3,22.7,22.7,2744.0,18.5,1.230208252,0.9998792853693869
112,Нефть и нефтепродукты,2030,внутрироссийское,в целом,144.9,144.9,244.8,244.8,1650.0,211.1,1.15923101,0.9769832109977942
113,Руды металлические,2030,внутрироссийское,в целом,130.0,130.0,129.9,129.9,994.0,115.9,1.120941761,0.994615038710637
114,Черные металлы,2030,внутрироссийское,в целом,50.0,50.0,91.0,91.0,1446.0,65.9,1.3823447,0.7939769654997896
115,Лесные грузы,2030,внутрироссийское,в целом,26.9,26.9,26.0,26.0,945.0,17.0,1.533974412,0.9765000726427431
116,Минерально-строительные материалы,2030,внутрироссийское,в целом,236.0,236.0,258.0,258.0,999.0,186.9,1.380870253,0.9134507652642628
117,Химические и минеральные удобрения,2030,внутрироссийское,в целом,37.5,37.5,71.7,71.7,1869.0,45.8,1.563712112,0.9790988514543496
118,Зерно и продукты перемола,2030,внутрироссийское,в целом,15.9,15.9,34.3,34.3,2125.0,27.3,1.256903314,0.9822009236488944
119,Прочие,2030,внутрироссийское,в целом,109.7,109.7,191.5,191.5,2280.0,149.5,1.280361995,1.3060331122752156
120,Уголь каменный,2031,внутрироссийское,в целом,156.5,156.5,179.4,179.4,1146.0,179.1,1.001770177,0.9999361060755342
121,Кокс каменноугольный,2031,внутрироссийское,в целом,8.4,8.4,23.1,23.1,2744.0,18.5,1.248325757,0.9998810373542706
122,Нефть и нефтепродукты,2031,внутрироссийское,в целом,147.0,147.0,248.7,248.7,1650.0,211.1,1.177729759,0.9751012426485859
123,Руды металлические,2031,внутрироссийское,в целом,131.7,131.7,130.9,130.9,989.0,115.9,1.129484574,0.9945315614719599
124,Черные металлы,2031,внутрироссийское,в целом,50.5,50.5,91.9,91.9,1446.0,65.9,1.394683844,0.7949796735234484
125,Лесные грузы,2031,внутрироссийское,в целом,27.3,27.3,26.5,26.5,947.0,17.0,1.56268121,0.9759539802772617
126,Минерально-строительные материалы,2031,внутрироссийское,в целом,241.8,241.8,264.4,264.4,1001.0,186.9,1.415167385,0.9150386161017179
127,Химические и минеральные удобрения,2031,внутрироссийское,в целом,38.1,38.1,72.6,72.6,1864.0,45.8,1.584624916,0.9781464802745842
128,Зерно и продукты перемола,2031,внутрироссийское,в целом,16.2,16.2,35.0,35.0,2130.0,27.3,1.284134887,0.981929578235262
129,Прочие,2031,внутрироссийское,в целом,112.2,112.2,195.6,195.6,2285.0,149.5,1.307829314,1.3106286193529093
130,Уголь каменный,2032,внутрироссийское,в целом,156.5,156.5,179.8,179.8,1148.0,179.1,1.003524125,0.9999297198978295
131,Кокс каменноугольный,2032,внутрироссийское,в целом,8.5,8.5,23.4,23.4,2744.0,18.5,1.266740269,0.9998827667057443
132,Нефть и нефтепродукты,2032,внутрироссийское,в целом,148.9,148.9,252.5,252.5,1650.0,211.1,1.195759612,0.9732670018966155
133,Руды металлические,2032,внутрироссийское,в целом,133.3,133.3,131.9,131.9,984.0,115.9,1.137748187,0.9944494992851473
134,Черные металлы,2032,внутрироссийское,в целом,51.0,51.0,92.7,92.7,1446.0,65.9,1.406781531,0.7959297641234079
135,Лесные грузы,2032,внутрироссийское,в целом,27.7,27.7,27.0,27.0,949.0,17.0,1.590376511,0.9754081058260625
136,Минерально-строительные материалы,2032,внутрироссийское,в целом,247.5,247.5,270.8,270.8,1003.0,186.9,1.449091526,0.9165285137861038
137,Химические и минеральные удобрения,2032,внутрироссийское,в целом,38.6,38.6,73.5,73.5,1859.0,45.8,1.60430787,0.9772082452886597
138,Зерно и продукты перемола,2032,внутрироссийское,в целом,16.4,16.4,35.8,35.8,2135.0,27.3,1.310698107,0.9816573313976156
139,Прочие,2032,внутрироссийское,в целом,114.8,114.8,199.9,199.9,2290.0,149.5,1.336951243,1.3146895599832769
140,Уголь каменный,2033,внутрироссийское,в целом,156.5,156.5,180.1,180.1,1150.0,179.1,1.0052781,0.9999233282390692
141,Кокс каменноугольный,2033,внутрироссийское,в целом,8.7,8.7,23.7,23.7,2744.0,18.5,1.285303286,0.9998844598497979
142,Нефть и нефтепродукты,2033,внутрироссийское,в целом,150.8,150.8,256.2,256.2,1650.0,211.1,1.213297124,0.9714756833179283
143,Руды металлические,2033,внутрироссийское,в целом,134.9,134.9,132.8,132.8,979.0,115.9,1.145726243,0.9943687142919575
144,Черные металлы,2033,внутрироссийское,в целом,51.5,51.5,93.4,93.4,1446.0,65.9,1.41861798,0.7968247066751455
145,Лесные грузы,2033,внутрироссийское,в целом,28.1,28.1,27.4,27.4,951.0,17.0,1.6169411,0.9748595603023787
146,Минерально-строительные материалы,2033,внутрироссийское,в целом,253.1,253.1,277.0,277.0,1005.0,186.9,1.482564413,0.9179239758203986
147,Химические и минеральные удобрения,2033,внутрироссийское,в целом,39.2,39.2,74.4,74.4,1854.0,45.8,1.623295703,0.9762893292840515
148,Зерно и продукты перемола,2033,внутрироссийское,в целом,16.7,16.7,36.5,36.5,2140.0,27.3,1.336508987,0.9813827134416455
149,Прочие,2033,внутрироссийское,в целом,117.5,117.5,204.5,204.5,2295.0,149.5,1.367828472,1.3182130306579956
150,Уголь каменный,2034,внутрироссийское,в целом,156.5,156.5,180.4,180.4,1152.0,179.1,1.007032093,0.9999169422152011
151,Кокс каменноугольный,2034,внутрироссийское,в целом,8.8,8.8,24.1,24.1,2744.0,18.5,1.304163311,0.9998861307219313
152,Нефть и нефтепродукты,2034,внутрироссийское,в целом,152.7,152.7,259.8,259.8,1650.0,211.1,1.23031885,0.9697227240274506
153,Руды металлические,2034,внутрироссийское,в целом,136.5,136.5,133.7,133.7,974.0,115.9,1.153404119,0.9942890606786474
154,Черные металлы,2034,внутрироссийское,в целом,52.0,52.0,94.2,94.2,1446.0,65.9,1.430186615,0.797670027521353
155,Лесные грузы,2034,внутрироссийское,в целом,28.5,28.5,27.9,27.9,953.0,17.0,1.642311008,0.9743063395942386
156,Минерально-строительные материалы,2034,внутрироссийское,в целом,258.6,258.6,283.2,283.2,1007.0,186.9,1.515512575,0.9192285906495422
157,Химические и минеральные удобрения,2034,внутрироссийское,в целом,39.7,39.7,75.2,75.2,1849.0,45.8,1.641593,0.9753879632568947
158,Зерно и продукты перемола,2034,внутрироссийское,в целом,17.0,17.0,37.2,37.2,2145.0,27.3,1.361482951,0.981104176436202
159,Прочие,2034,внутрироссийское,в целом,120.3,120.3,209.4,209.4,2300.0,149.5,1.400537857,1.3212004203909373
160,Уголь каменный,2035,внутрироссийское,в целом,156.5,156.5,180.7,180.7,1154.0,179.1,1.008786113,0.9999105507297215
161,Кокс каменноугольный,2035,внутрироссийское,в целом,8.9,8.9,24.5,24.5,2744.0,18.5,1.323320345,0.9998877791493658
162,Нефть и нефтепродукты,2035,внутрироссийское,в целом,154.4,154.4,263.2,263.2,1650.0,211.1,1.246801344,0.9680037758390179
163,Руды металлические,2035,внутрироссийское,в целом,138.1,138.1,134.6,134.6,969.0,115.9,1.160784283,0.9942104590730665
164,Черные металлы,2035,внутрироссийское,в целом,52.4,52.4,94.9,94.9,1446.0,65.9,1.441472071,0.7984606749261904
165,Лесные грузы,2035,внутрироссийское,в целом,28.8,28.8,28.3,28.3,955.0,17.0,1.666478097,0.9737473392573571
166,Минерально-строительные материалы,2035,внутрироссийское,в целом,263.9,263.9,289.2,289.2,1009.0,186.9,1.547856587,0.9204454024218603
167,Химические и минеральные удобрения,2035,внутрироссийское,в целом,40.2,40.2,76.0,76.0,1844.0,45.8,1.659123895,0.9745012575401404
168,Зерно и продукты перемола,2035,внутрироссийское,в целом,17.2,17.2,37.8,37.8,2150.0,27.3,1.385534546,0.9808202976180322
169,Прочие,2035,внутрироссийское,в целом,123.2,123.2,214.6,214.6,2305.0,149.5,1.435147588,1.3236647700400401
180,Уголь каменный,2020,экспорт,в целом,199.6,199.6,912.3,912.3,4552.0,939.8,0.9707384549904234,0.9617844179326585
181,Кокс каменноугольный,2020,экспорт,в целом,3.8,3.8,6.4,6.4,1701.0,7.3,0.881293547,1.2771272234345286
182,Нефть и нефтепродукты,2020,экспорт,в целом,91.0,91.0,158.0,158.0,1728.0,168.9,0.935175136,1.0873602417124943
183,Руды металлические,2020,экспорт,в целом,28.8,28.8,28.1,28.1,950.0,21.5,1.302449031,0.4853779832848242
184,Черные металлы,2020,экспорт,в целом,28.4,28.4,77.7,77.7,2515.0,71.2,1.091236633,0.5089123981201461
185,Лесные грузы,2020,экспорт,в целом,20.0,20.0,54.9,54.9,2006.0,57.4,0.954845485,0.5490995431589603
186,Минерально-строительные материалы,2020,экспорт,в целом,4.7,4.7,6.5,6.5,1324.0,6.4,1.016241316,0.7853900589397237
187,Химические и минеральные удобрения,2020,экспорт,в целом,36.3,36.3,58.0,58.0,1565.0,51.8,1.120331213,0.8595764227207244
188,Зерно и продукты перемола,2020,экспорт,в целом,17.2,17.2,24.3,24.3,1418.0,17.5,1.391087301,0.8935986168793042
189,Прочие,2020,экспорт,в целом,44.0,44.0,75.3,75.3,2245.0,66.7,1.128146283,1.0219398493628717
190,Уголь каменный,2021,экспорт,в целом,215.1,215.1,939.8,939.8,4395.0,939.8,0.999928216,1.0121894147886557
191,Кокс каменноугольный,2021,экспорт,в целом,4.1,4.1,6.8,6.8,1655.0,7.3,0.929452243,1.3349111636819218
192,Нефть и нефтепродукты,2021,экспорт,в целом,91.4,91.4,144.9,144.9,1589.0,168.9,0.857517259,1.1577536144263307
193,Руды металлические,2021,экспорт,в целом,27.5,27.5,23.2,23.2,826.0,21.5,1.078682086,0.7900844373353247
194,Черные металлы,2021,экспорт,в целом,29.6,29.6,76.9,76.9,2358.0,71.2,1.080726907,0.5097535070011363
195,Лесные грузы,2021,экспорт,в целом,19.3,19.3,57.6,57.6,2114.0,57.4,1.002010184,0.5014289374542172
196,Минерально-строительные материалы,2021,экспорт,в целом,4.9,4.9,7.4,7.4,1425.0,6.4,1.158668731,0.8879065291947977
197,Химические и минеральные удобрения,2021,экспорт,в целом,38.7,38.7,60.3,60.3,1519.0,51.8,1.165034339,0.8589768928219055
198,Зерно и продукты перемола,2021,экспорт,в целом,14.6,14.6,20.4,20.4,1333.0,17.5,1.168714527,1.0253077810639162
199,Прочие,2021,экспорт,в целом,44.7,44.7,72.8,72.8,2333.0,66.7,1.091461554,1.131423635709948
200,Уголь каменный,2022,экспорт,в целом,197.1,197.1,857.9,857.9,4355.0,939.8,0.912837283,1.0163735501865054
201,Кокс каменноугольный,2022,экспорт,в целом,2.7,2.7,5.4,5.4,1981.0,7.3,0.748709056,0.9295358519205886
202,Нефть и нефтепродукты,2022,экспорт,в целом,86.9,86.9,146.1,146.1,1673.0,168.9,0.864957906,1.0804261672637778
203,Руды металлические,2022,экспорт,в целом,18.3,18.3,21.2,21.2,1121.0,21.5,0.982661151,0.8204659645715099
204,Черные металлы,2022,экспорт,в целом,23.9,23.9,67.3,67.3,2530.0,71.2,0.945656287,0.5172266855065714
205,Лесные грузы,2022,экспорт,в целом,9.9,9.9,48.5,48.5,2781.0,57.4,0.845091495,0.3596353186962726
206,Минерально-строительные материалы,2022,экспорт,в целом,4.3,4.3,6.6,6.6,1411.0,6.4,1.040003772,0.8023515347938255
207,Химические и минеральные удобрения,2022,экспорт,в целом,29.7,29.7,46.6,46.6,1496.0,51.8,0.899001506,0.8469835982158055
208,Зерно и продукты перемола,2022,экспорт,в целом,14.7,14.7,17.8,17.8,1192.0,17.5,1.016791147,1.2913149493446956
209,Прочие,2022,экспорт,в целом,41.5,41.5,84.2,84.2,2909.0,66.7,1.261631845,0.9327432002030522
210,Уголь каменный,2023,экспорт,в целом,163.0,163.0,740.7,740.7,4512.0,939.8,0.788123278,0.9682748916972653
211,Кокс каменноугольный,2023,экспорт,в целом,2.5,2.5,3.9,3.9,1569.0,7.3,0.53826452,1.3960776138255138
212,Нефть и нефтепродукты,2023,экспорт,в целом,81.4,81.4,132.6,132.6,1625.0,168.9,0.784928274,1.1055369207672316
213,Руды металлические,2023,экспорт,в целом,21.0,21.0,24.8,24.8,1142.0,21.5,1.152913115,0.8472187808128625
214,Черные металлы,2023,экспорт,в целом,25.8,25.8,94.7,94.7,3272.0,71.2,1.33152625,0.3814151134256637
215,Лесные грузы,2023,экспорт,в целом,11.9,11.9,46.2,46.2,2533.0,57.4,0.804022905,0.47803175860156305
216,Минерально-строительные материалы,2023,экспорт,в целом,4.9,4.9,8.1,8.1,1552.0,6.4,1.272092435,0.843278298638156
217,Химические и минеральные удобрения,2023,экспорт,в целом,31.0,31.0,54.2,54.2,1677.0,51.8,1.046645114,0.8294079610321812
218,Зерно и продукты перемола,2023,экспорт,в целом,14.2,14.2,19.8,19.8,1355.0,17.5,1.130493138,1.2277620018445707
219,Прочие,2023,экспорт,в целом,41.2,41.2,78.3,78.3,2799.0,66.7,1.173782585,1.051881986932759
220,Уголь каменный,2024,экспорт,в целом,180.1,180.1,821.6,821.6,4541.0,939.8,0.87421661,0.9864151122519585
221,Кокс каменноугольный,2024,экспорт,в целом,3.1,3.1,5.2,5.2,1691.0,7.3,0.721552436,1.297875181200885
222,Нефть и нефтепродукты,2024,экспорт,в целом,85.5,85.5,141.5,141.5,1652.0,168.9,0.837797921,1.0812920438433207
223,Руды металлические,2024,экспорт,в целом,22.0,22.0,26.7,26.7,1173.0,21.5,1.238345358,0.8495650178369287
224,Черные металлы,2024,экспорт,в целом,26.8,26.8,100.2,100.2,3341.0,71.2,1.407718353,0.3772333917878044
225,Лесные грузы,2024,экспорт,в целом,11.8,11.8,45.9,45.9,2523.0,57.4,0.799335687,0.47540774326187385
226,Минерально-строительные материалы,2024,экспорт,в целом,5.5,5.5,9.0,9.0,1535.0,6.4,1.410903291,0.8576384735282645
227,Химические и минеральные удобрения,2024,экспорт,в целом,32.6,32.6,57.9,57.9,1707.0,51.8,1.118673561,0.8188704007983301
228,Зерно и продукты перемола,2024,экспорт,в целом,14.8,14.8,20.9,20.9,1361.0,17.5,1.192100251,1.2196643628078265
229,Прочие,2024,экспорт,в целом,43.4,43.4,84.0,84.0,2815.0,66.7,1.258823552,1.032420897923248
230,Уголь каменный,2025,экспорт,в целом,198.2,198.2,904.6,904.6,4544.0,939.8,0.962554239,0.9859241339172163
231,Кокс каменноугольный,2025,экспорт,в целом,3.3,3.3,5.6,5.6,1692.0,7.3,0.768373245,1.3003761418592155
232,Нефть и нефтепродукты,2025,экспорт,в целом,88.5,88.5,147.0,147.0,1658.0,168.9,0.870371874,1.071325802030145
233,Руды металлические,2025,экспорт,в целом,23.0,23.0,28.3,28.3,1189.0,21.5,1.312183176,0.854478552075302
234,Черные металлы,2025,экспорт,в целом,28.1,28.1,105.2,105.2,3356.0,71.2,1.478131753,0.3793617257503556
235,Лесные грузы,2025,экспорт,в целом,11.9,11.9,46.6,46.6,2519.0,57.4,0.811156534,0.4724498737443972
236,Минерально-строительные материалы,2025,экспорт,в целом,5.8,5.8,9.5,9.5,1532.0,6.4,1.487836534,0.8576529524227589
237,Химические и минеральные удобрения,2025,экспорт,в целом,36.4,36.4,64.7,64.7,1713.0,51.8,1.249826033,0.8211880612136796
238,Зерно и продукты перемола,2025,экспорт,в целом,15.7,15.7,22.0,22.0,1354.0,17.5,1.256964291,1.2223311178324126
239,Прочие,2025,экспорт,в целом,44.8,44.8,86.3,86.3,2801.0,66.7,1.293103401,1.0386693227079626
240,Уголь каменный,2026,экспорт,в целом,225.1,225.1,1014.8,1014.8,4494.0,939.8,1.079812731,0.9759605708933801
241,Кокс каменноугольный,2026,экспорт,в целом,4.3,4.3,7.9,7.9,1832.0,7.3,1.091518855,1.1993946268403788
242,Нефть и нефтепродукты,2026,экспорт,в целом,95.2,95.2,160.0,160.0,1676.0,168.9,0.94707392,1.056123164986001
243,Руды металлические,2026,экспорт,в целом,26.8,26.8,47.9,47.9,1744.0,21.5,2.221583236,0.5880848615232563
244,Черные металлы,2026,экспорт,в целом,29.4,29.4,93.1,93.1,2851.0,71.2,1.308718653,0.4494118433337252
245,Лесные грузы,2026,экспорт,в целом,12.1,12.1,54.3,54.3,2648.0,57.4,0.944903735,0.41239296781284396
246,Минерально-строительные материалы,2026,экспорт,в целом,6.1,6.1,10.2,10.2,1558.0,6.4,1.599818179,0.8383264001599956
247,Химические и минеральные удобрения,2026,экспорт,в целом,41.1,41.1,71.5,71.5,1692.0,51.8,1.381245713,0.8423848479653562
248,Зерно и продукты перемола,2026,экспорт,в целом,17.1,17.1,24.2,24.2,1366.0,17.5,1.385407823,1.2093101208703596
249,Прочие,2026,экспорт,в целом,49.8,49.8,106.8,106.8,3112.0,66.7,1.600287104,0.9327934505464024
250,Уголь каменный,2027,экспорт,в целом,235.1,235.1,1059.3,1059.3,4490.0,939.8,1.127113359,0.9765404849684096
251,Кокс каменноугольный,2027,экспорт,в целом,4.3,4.3,8.0,8.0,1835.0,7.3,1.097666942,1.1992605491114954
252,Нефть и нефтепродукты,2027,экспорт,в целом,95.7,95.7,160.4,160.4,1672.0,168.9,0.949627475,1.0558326136084843
253,Руды металлические,2027,экспорт,в целом,28.8,28.8,50.5,50.5,1719.0,21.5,2.346668106,0.5972469955384784
254,Черные металлы,2027,экспорт,в целом,30.6,30.6,95.4,95.4,2809.0,71.2,1.340223725,0.45868042616720145
255,Лесные грузы,2027,экспорт,в целом,12.4,12.4,56.1,56.1,2663.0,57.4,0.977244429,0.40797249834641364
256,Минерально-строительные материалы,2027,экспорт,в целом,6.4,6.4,10.7,10.7,1557.0,6.4,1.676581859,0.8376042916323648
257,Химические и минеральные удобрения,2027,экспорт,в целом,43.6,43.6,75.1,75.1,1678.0,51.8,1.451009965,0.852691728045579
258,Зерно и продукты перемола,2027,экспорт,в целом,18.7,18.7,26.2,26.2,1351.0,17.5,1.496697972,1.223687129211411
259,Прочие,2027,экспорт,в целом,50.6,50.6,108.7,108.7,3151.0,66.7,1.629265998,0.9314567442491746
260,Уголь каменный,2028,экспорт,в целом,237.6,237.6,1078.4,1078.4,4522.0,939.8,1.147440909,0.9914736235745943
261,Кокс каменноугольный,2028,экспорт,в целом,4.3,4.3,8.0,8.0,1839.0,7.3,1.103815029,1.199145420631596
262,Нефть и нефтепродукты,2028,экспорт,в целом,96.2,96.2,160.9,160.9,1667.0,168.9,0.952180664,1.0555129451131775
263,Руды металлические,2028,экспорт,в целом,30.7,30.7,53.2,53.2,1696.0,21.5,2.471752976,0.6054818165461285
264,Черные металлы,2028,экспорт,в целом,31.9,31.9,97.8,97.8,2768.0,71.2,1.373881774,0.46823644794489594
265,Лесные грузы,2028,экспорт,в целом,12.7,12.7,57.8,57.8,2678.0,57.4,1.005712289,0.40740768498991414
266,Минерально-строительные материалы,2028,экспорт,в целом,6.6,6.6,11.0,11.0,1551.0,6.4,1.721287205,0.8384734415089455
267,Химические и минеральные удобрения,2028,экспорт,в целом,45.5,45.5,77.9,77.9,1668.0,51.8,1.50477275,0.8605934589508062
268,Зерно и продукты перемола,2028,экспорт,в целом,20.8,20.8,28.6,28.6,1333.0,17.5,1.635881354,1.2418863025692115
269,Прочие,2028,экспорт,в целом,51.3,51.3,111.0,111.0,3195.0,66.7,1.663478527,0.925365926399157
270,Уголь каменный,2029,экспорт,в целом,250.5,250.5,1137.5,1137.5,4523.0,939.8,1.210289564,0.9910224661650114
271,Кокс каменноугольный,2029,экспорт,в целом,4.5,4.5,8.8,8.8,1967.0,7.3,1.21230278,1.1230307863050075
272,Нефть и нефтепродукты,2029,экспорт,в целом,96.9,96.9,161.9,161.9,1666.0,168.9,0.958456657,1.0532394236019047
273,Руды металлические,2029,экспорт,в целом,31.8,31.8,55.2,55.2,1697.0,21.5,2.560610201,0.6048795166403333
274,Черные металлы,2029,экспорт,в целом,34.2,34.2,107.2,107.2,2844.0,71.2,1.507094523,0.45967580115593126
275,Лесные грузы,2029,экспорт,в целом,13.1,13.1,59.9,59.9,2707.0,57.4,1.042180299,0.40541930289293365
276,Минерально-строительные материалы,2029,экспорт,в целом,6.7,6.7,11.2,11.2,1547.0,6.4,1.763792627,0.8390980600189706
277,Химические и минеральные удобрения,2029,экспорт,в целом,47.4,47.4,82.0,82.0,1686.0,51.8,1.583820626,0.8545211773087046
278,Зерно и продукты перемола,2029,экспорт,в целом,23.8,23.8,32.7,32.7,1333.0,17.5,1.869726651,1.2453355227285545
279,Прочие,2029,экспорт,в целом,52.7,52.7,114.3,114.3,3213.0,66.7,1.713619688,0.9212605236602763
280,Уголь каменный,2030,экспорт,в целом,263.8,263.8,1199.1,1199.1,4527.0,939.8,1.275920799,0.9898998822193549
281,Кокс каменноугольный,2030,экспорт,в целом,4.5,4.5,8.9,8.9,1970.0,7.3,1.218684833,1.1234348327107824
282,Нефть и нефтепродукты,2030,экспорт,в целом,97.3,97.3,162.4,162.4,1664.0,168.9,0.961519353,1.0511154857396159
283,Руды металлические,2030,экспорт,в целом,32.2,32.2,56.0,56.0,1702.0,21.5,2.600265521,0.6029102034922706
284,Черные металлы,2030,экспорт,в целом,36.4,36.4,115.9,115.9,2904.0,71.2,1.628098138,0.4534437403867149
285,Лесные грузы,2030,экспорт,в целом,13.5,13.5,61.5,61.5,2726.0,57.4,1.070552921,0.4050227411869008
286,Минерально-строительные материалы,2030,экспорт,в целом,6.9,6.9,11.5,11.5,1542.0,6.4,1.803657793,0.8394587064870811
287,Химические и минеральные удобрения,2030,экспорт,в целом,48.9,48.9,84.7,84.7,1687.0,51.8,1.636714059,0.8567888557198527
288,Зерно и продукты перемола,2030,экспорт,в целом,27.3,27.3,37.3,37.3,1330.0,17.5,2.130946891,1.25097568341295
289,Прочие,2030,экспорт,в целом,54.3,54.3,120.1,120.1,3268.0,66.7,1.800527664,0.9034508520713411
290,Уголь каменный,2031,экспорт,в целом,263.8,263.8,1208.3,1208.3,4560.0,939.8,1.285629037,0.9824247996984475
291,Кокс каменноугольный,2031,экспорт,в целом,4.5,4.5,8.9,8.9,1973.0,7.3,1.225066887,1.1238515207155417
292,Нефть и нефтепродукты,2031,экспорт,в целом,97.6,97.6,162.9,162.9,1662.0,168.9,0.96399922,1.048970583981361
293,Руды металлические,2031,экспорт,в целом,32.9,32.9,58.0,58.0,1722.0,21.5,2.694074275,0.5955059605139505
294,Черные металлы,2031,экспорт,в целом,37.6,37.6,120.8,120.8,2931.0,71.2,1.697673496,0.4515247184331007
295,Лесные грузы,2031,экспорт,в целом,13.5,13.5,61.9,61.9,2730.0,57.4,1.077403117,0.40268670647216703
296,Минерально-строительные материалы,2031,экспорт,в целом,7.0,7.0,11.7,11.7,1538.0,6.4,1.843742968,0.8398228711182315
297,Химические и минеральные удобрения,2031,экспорт,в целом,50.1,50.1,87.1,87.1,1690.0,51.8,1.682200039,0.8574858481757471
298,Зерно и продукты перемола,2031,экспорт,в целом,29.1,29.1,40.0,40.0,1338.0,17.5,2.288790564,1.244779170282084
299,Прочие,2031,экспорт,в целом,55.9,55.9,126.3,126.3,3330.0,66.7,1.893636926,0.8844547814398876
300,Уголь каменный,2032,экспорт,в целом,306.4,306.4,1405.4,1405.4,4567.0,939.8,1.495334088,0.9812349324647495
301,Кокс каменноугольный,2032,экспорт,в целом,4.5,4.5,8.9,8.9,1976.0,7.3,1.23144894,1.1242806537718932
302,Нефть и нефтепродукты,2032,экспорт,в целом,99.0,99.0,165.8,165.8,1669.0,168.9,0.981419969,1.0416150616746678
303,Руды металлические,2032,экспорт,в целом,35.5,35.5,64.9,64.9,1790.0,21.5,3.013522341,0.5736465136508166
304,Черные металлы,2032,экспорт,в целом,38.7,38.7,126.3,126.3,2982.0,71.2,1.775087993,0.44577411276439627
305,Лесные грузы,2032,экспорт,в целом,13.5,13.5,62.4,62.4,2740.0,57.4,1.086674883,0.3994879736146347
306,Минерально-строительные материалы,2032,экспорт,в целом,7.1,7.1,11.9,11.9,1544.0,6.4,1.872262155,0.8337283183843348
307,Химические и минеральные удобрения,2032,экспорт,в целом,51.0,51.0,90.0,90.0,1716.0,51.8,1.73832499,0.8473504992774841
308,Зерно и продукты перемола,2032,экспорт,в целом,30.7,30.7,42.6,42.6,1354.0,17.5,2.437251645,1.2301164579819412
309,Прочие,2032,экспорт,в целом,59.1,59.1,142.7,142.7,3504.0,66.7,2.139549969,0.82787601264074
310,Уголь каменный,2033,экспорт,в целом,306.4,306.4,1405.8,1405.8,4567.0,939.8,1.495824562,0.9809131901914123
311,Кокс каменноугольный,2033,экспорт,в целом,4.5,4.5,9.0,9.0,1978.0,7.3,1.237830994,1.124722039385907
312,Нефть и нефтепродукты,2033,экспорт,в целом,99.5,99.5,166.9,166.9,1671.0,168.9,0.987789196,1.037146806664809
313,Руды металлические,2033,экспорт,в целом,36.3,36.3,67.2,67.2,1809.0,21.5,3.119866613,0.5673903414918228
314,Черные металлы,2033,экспорт,в целом,39.0,39.0,127.5,127.5,2986.0,71.2,1.79124717,0.4463061463727226
315,Лесные грузы,2033,экспорт,в целом,13.5,13.5,62.8,62.8,2745.0,57.4,1.093567902,0.39720549614051115
316,Минерально-строительные материалы,2033,экспорт,в целом,7.2,7.2,12.1,12.1,1550.0,6.4,1.901001194,0.8278366458124445
317,Химические и минеральные удобрения,2033,экспорт,в целом,51.5,51.5,91.5,91.5,1725.0,51.8,1.766737312,0.8447759003231009
318,Зерно и продукты перемола,2033,экспорт,в целом,31.4,31.4,43.7,43.7,1356.0,17.5,2.500422314,1.2277716309656497
319,Прочие,2033,экспорт,в целом,60.4,60.4,147.5,147.5,3545.0,66.7,2.211229273,0.8186650756329008
320,Уголь каменный,2034,экспорт,в целом,306.4,306.4,1406.3,1406.3,4567.0,939.8,1.496315036,0.9805916588444397
321,Кокс каменноугольный,2034,экспорт,в целом,4.5,4.5,9.0,9.0,1981.0,7.3,1.244213047,1.12517548901316
322,Нефть и нефтепродукты,2034,экспорт,в целом,100.0,100.0,168.0,168.0,1673.0,168.9,0.994158068,1.0327064037734832
323,Руды металлические,2034,экспорт,в целом,36.9,36.9,68.7,68.7,1820.0,21.5,3.188604333,0.5635829420269697
324,Черные металлы,2034,экспорт,в целом,39.2,39.2,128.6,128.6,2990.0,71.2,1.80745705,0.4468595168820523
325,Лесные грузы,2034,экспорт,в целом,13.5,13.5,63.2,63.2,2749.0,57.4,1.100475231,0.3949464769982068
326,Минерально-строительные материалы,2034,экспорт,в целом,7.2,7.2,12.3,12.3,1556.0,6.4,1.929960241,0.8221407366386866
327,Химические и минеральные удобрения,2034,экспорт,в целом,52.0,52.0,93.0,93.0,1735.0,51.8,1.795357165,0.8423044078954177
328,Зерно и продукты перемола,2034,экспорт,в целом,32.0,32.0,44.7,44.7,1359.0,17.5,2.557275367,1.2247476827522026
329,Прочие,2034,экспорт,в целом,61.7,61.7,152.3,152.3,3585.0,66.7,2.282424278,0.8099811322273935
330,Уголь каменный,2035,экспорт,в целом,306.4,306.4,1406.7,1406.7,4567.0,939.8,1.49680551,0.9802703382164824
331,Кокс каменноугольный,2035,экспорт,в целом,4.5,4.5,9.1,9.1,1984.0,7.3,1.2505951,1.1256408179579573
332,Нефть и нефтепродукты,2035,экспорт,в целом,100.5,100.5,169.0,169.0,1675.0,168.9,1.00052656,1.0282933407263906
333,Руды металлические,2035,экспорт,в целом,37.4,37.4,72.3,72.3,1889.0,21.5,3.358790183,0.6720998513912151
334,Черные металлы,2035,экспорт,в целом,39.5,39.5,129.8,129.8,2994.0,71.2,1.823693702,0.4474283844672327
335,Лесные грузы,2035,экспорт,в целом,13.5,13.5,63.6,63.6,2753.0,57.4,1.107275641,0.3926953912565075
336,Минерально-строительные материалы,2035,экспорт,в целом,7.3,7.3,12.5,12.5,1562.0,6.4,1.959139454,0.8166337632435877
337,Химические и минеральные удобрения,2035,экспорт,в целом,52.5,52.5,94.5,94.5,1745.0,51.8,1.824185747,0.8399320964570954
338,Зерно и продукты перемола,2035,экспорт,в целом,32.5,32.5,45.4,45.4,1360.0,17.5,2.597215804,1.2238277471587313
339,Прочие,2035,экспорт,в целом,62.9,62.9,157.0,157.0,3624.0,66.7,2.35316498,0.8017735079149748
350,Уголь каменный,2020,импорт,в целом,0.0,0.0,11.3,11.3,0.0,11.7,0.967526695,
351,Кокс каменноугольный,2020,импорт,в целом,0.0,0.0,0.1,0.1,0.0,0.1,0.871318034,
352,Нефть и нефтепродукты,2020,импорт,в целом,0.0,0.0,1.9,1.9,0.0,2.2,0.847030391,
353,Руды металлические,2020,импорт,в целом,0.0,0.0,26.5,26.5,0.0,28.1,0.941786647,
354,Черные металлы,2020,импорт,в целом,0.0,0.0,5.8,5.8,0.0,6.5,0.89758421,
355,Лесные грузы,2020,импорт,в целом,0.0,0.0,0.6,0.6,0.0,0.6,1.09397304,
356,Минерально-строительные материалы,2020,импорт,в целом,0.0,0.0,10.8,10.8,0.0,12.9,0.836999816,
357,Химические и минеральные удобрения,2020,импорт,в целом,0.0,0.0,1.3,1.3,0.0,0.9,1.396207465,
358,Зерно и продукты перемола,2020,импорт,в целом,0.0,0.0,0.8,0.8,0.0,0.6,1.1998607,
359,Прочие,2020,импорт,в целом,0.0,0.0,52.9,52.9,0.0,46.6,1.136303858,
360,Уголь каменный,2021,импорт,в целом,0.0,0.0,10.9,10.9,0.0,11.7,0.925964702,
361,Кокс каменноугольный,2021,импорт,в целом,0.0,0.0,0.2,0.2,0.0,0.1,1.681333277,
362,Нефть и нефтепродукты,2021,импорт,в целом,0.0,0.0,2.2,2.2,0.0,2.2,0.985574558,
363,Руды металлические,2021,импорт,в целом,0.0,0.0,27.7,27.7,0.0,28.1,0.984010876,
364,Черные металлы,2021,импорт,в целом,0.0,0.0,6.3,6.3,0.0,6.5,0.96778576,
365,Лесные грузы,2021,импорт,в целом,0.0,0.0,0.6,0.6,0.0,0.6,1.128964984,
366,Минерально-строительные материалы,2021,импорт,в целом,0.0,0.0,12.6,12.6,0.0,12.9,0.981029238,
367,Химические и минеральные удобрения,2021,импорт,в целом,0.0,0.0,1.3,1.3,0.0,0.9,1.389373642,
368,Зерно и продукты перемола,2021,импорт,в целом,0.0,0.0,0.8,0.8,0.0,0.6,1.288659108,
369,Прочие,2021,импорт,в целом,0.0,0.0,71.1,71.1,0.0,46.6,1.525743162,
370,Уголь каменный,2022,импорт,в целом,0.0,0.0,11.4,11.4,0.0,11.7,0.968969043,
371,Кокс каменноугольный,2022,импорт,в целом,0.0,0.0,0.1,0.1,0.0,0.1,1.202218487,
372,Нефть и нефтепродукты,2022,импорт,в целом,0.0,0.0,2.5,2.5,0.0,2.2,1.122741457,
373,Руды металлические,2022,импорт,в целом,0.0,0.0,27.7,27.7,0.0,28.1,0.983085447,
374,Черные металлы,2022,импорт,в целом,0.0,0.0,6.8,6.8,0.0,6.5,1.049913964,
375,Лесные грузы,2022,импорт,в целом,0.0,0.0,0.6,0.6,0.0,0.6,1.120436594,
376,Минерально-строительные материалы,2022,импорт,в целом,0.0,0.0,14.3,14.3,0.0,12.9,1.109170092,
377,Химические и минеральные удобрения,2022,импорт,в целом,0.0,0.0,1.8,1.8,0.0,0.9,1.996394766,
378,Зерно и продукты перемола,2022,импорт,в целом,0.0,0.0,0.8,0.8,0.0,0.6,1.270586922,
379,Прочие,2022,импорт,в целом,0.0,0.0,92.5,92.5,0.0,46.6,1.98607638,
380,Уголь каменный,2023,импорт,в целом,0.0,0.0,11.0,11.0,0.0,11.7,0.938086304,
381,Кокс каменноугольный,2023,импорт,в целом,0.0,0.0,0.2,0.2,0.0,0.1,1.866386555,
382,Нефть и нефтепродукты,2023,импорт,в целом,0.0,0.0,1.6,1.6,0.0,2.2,0.701438849,
383,Руды металлические,2023,импорт,в целом,0.0,0.0,23.1,23.1,0.0,28.1,0.820720529,
384,Черные металлы,2023,импорт,в целом,0.0,0.0,4.3,4.3,0.0,6.5,0.664195243,
385,Лесные грузы,2023,импорт,в целом,0.0,0.0,0.4,0.4,0.0,0.6,0.742753623,
386,Минерально-строительные материалы,2023,импорт,в целом,0.0,0.0,12.1,12.1,0.0,12.9,0.938493756,
387,Химические и минеральные удобрения,2023,импорт,в целом,0.0,0.0,1.1,1.1,0.0,0.9,1.177753544,
388,Зерно и продукты перемола,2023,импорт,в целом,0.0,0.0,0.9,0.9,0.0,0.6,1.403508772,
389,Прочие,2023,импорт,в целом,0.0,0.0,73.7,73.7,0.0,46.6,1.581895442,
390,Уголь каменный,2024,импорт,в целом,0.0,0.0,11.0,11.0,0.0,11.7,0.938086304,
391,Кокс каменноугольный,2024,импорт,в целом,0.0,0.0,0.2,0.2,0.0,0.1,1.919327731,
392,Нефть и нефтепродукты,2024,импорт,в целом,0.0,0.0,1.5,1.5,0.0,2.2,0.674460432,
393,Руды металлические,2024,импорт,в целом,0.0,0.0,21.0,21.0,0.0,28.1,0.746109572,
394,Черные металлы,2024,импорт,в целом,0.0,0.0,3.2,3.2,0.0,6.5,0.498146432,
395,Лесные грузы,2024,импорт,в целом,0.0,0.0,0.4,0.4,0.0,0.6,0.742753623,
396,Минерально-строительные материалы,2024,импорт,в целом,0.0,0.0,12.3,12.3,0.0,12.9,0.955557279,
397,Химические и минеральные удобрения,2024,импорт,в целом,0.0,0.0,0.7,0.7,0.0,0.9,0.736095965,
398,Зерно и продукты перемола,2024,импорт,в целом,0.0,0.0,0.9,0.9,0.0,0.6,1.403508772,
399,Прочие,2024,импорт,в целом,0.0,0.0,75.1,75.1,0.0,46.6,1.611189802,
400,Уголь каменный,2025,импорт,в целом,0.0,0.0,11.0,11.0,0.0,11.7,0.938086304,
401,Кокс каменноугольный,2025,импорт,в целом,0.0,0.0,0.2,0.2,0.0,0.1,1.794957983,
402,Нефть и нефтепродукты,2025,импорт,в целом,0.0,0.0,1.4,1.4,0.0,2.2,0.647482014,
403,Руды металлические,2025,импорт,в целом,0.0,0.0,21.0,21.0,0.0,28.1,0.746109572,
404,Черные металлы,2025,импорт,в целом,0.0,0.0,3.2,3.2,0.0,6.5,0.498146432,
405,Лесные грузы,2025,импорт,в целом,0.0,0.0,0.4,0.4,0.0,0.6,0.742753623,
406,Минерально-строительные материалы,2025,импорт,в целом,0.0,0.0,12.5,12.5,0.0,12.9,0.972620802,
407,Химические и минеральные удобрения,2025,импорт,в целом,0.0,0.0,0.7,0.7,0.0,0.9,0.736095965,
408,Зерно и продукты перемола,2025,импорт,в целом,0.0,0.0,0.9,0.9,0.0,0.6,1.403508772,
409,Прочие,2025,импорт,в целом,0.0,0.0,77.3,77.3,0.0,46.6,1.65851146,
410,Уголь каменный,2026,импорт,в целом,0.0,0.0,11.0,11.0,0.0,11.7,0.941497527,
411,Кокс каменноугольный,2026,импорт,в целом,0.0,0.0,0.2,0.2,0.0,0.1,1.764705882,
412,Нефть и нефтепродукты,2026,импорт,в целом,0.0,0.0,1.4,1.4,0.0,2.2,0.647482014,
413,Руды металлические,2026,импорт,в целом,0.0,0.0,20.0,20.0,0.0,28.1,0.708804093,
414,Черные металлы,2026,импорт,в целом,0.0,0.0,3.2,3.2,0.0,6.5,0.498146432,
415,Лесные грузы,2026,импорт,в целом,0.0,0.0,0.4,0.4,0.0,0.6,0.742753623,
416,Минерально-строительные материалы,2026,импорт,в целом,0.0,0.0,12.6,12.6,0.0,12.9,0.976886683,
417,Химические и минеральные удобрения,2026,импорт,в целом,0.0,0.0,0.7,0.7,0.0,0.9,0.736095965,
418,Зерно и продукты перемола,2026,импорт,в целом,0.0,0.0,0.9,0.9,0.0,0.6,1.403508772,
419,Прочие,2026,импорт,в целом,0.0,0.0,107.5,107.5,0.0,46.6,2.307816122,
420,Уголь каменный,2027,импорт,в целом,0.0,0.0,11.1,11.1,0.0,11.7,0.94490875,
421,Кокс каменноугольный,2027,импорт,в целом,0.0,0.0,0.2,0.2,0.0,0.1,1.764705882,
422,Нефть и нефтепродукты,2027,импорт,в целом,0.0,0.0,1.4,1.4,0.0,2.2,0.647482014,
423,Руды металлические,2027,импорт,в целом,0.0,0.0,18.9,18.9,0.0,28.1,0.671498614,
424,Черные металлы,2027,импорт,в целом,0.0,0.0,3.2,3.2,0.0,6.5,0.498146432,
425,Лесные грузы,2027,импорт,в целом,0.0,0.0,0.4,0.4,0.0,0.6,0.742753623,
426,Минерально-строительные материалы,2027,импорт,в целом,0.0,0.0,12.7,12.7,0.0,12.9,0.981152563,
427,Химические и минеральные удобрения,2027,импорт,в целом,0.0,0.0,0.7,0.7,0.0,0.9,0.736095965,
428,Зерно и продукты перемола,2027,импорт,в целом,0.0,0.0,0.9,0.9,0.0,0.6,1.403508772,
429,Прочие,2027,импорт,в целом,0.0,0.0,111.1,111.1,0.0,46.6,2.384324835,
430,Уголь каменный,2028,импорт,в целом,0.0,0.0,11.1,11.1,0.0,11.7,0.948319973,
431,Кокс каменноугольный,2028,импорт,в целом,0.0,0.0,0.2,0.2,0.0,0.1,1.764705882,
432,Нефть и нефтепродукты,2028,импорт,в целом,0.0,0.0,1.4,1.4,0.0,2.2,0.647482014,
433,Руды металлические,2028,импорт,в целом,0.0,0.0,17.9,17.9,0.0,28.1,0.634193136,
434,Черные металлы,2028,импорт,в целом,0.0,0.0,3.2,3.2,0.0,6.5,0.498146432,
435,Лесные грузы,2028,импорт,в целом,0.0,0.0,0.4,0.4,0.0,0.6,0.742753623,
436,Минерально-строительные материалы,2028,импорт,в целом,0.0,0.0,12.7,12.7,0.0,12.9,0.985418444,
437,Химические и минеральные удобрения,2028,импорт,в целом,0.0,0.0,0.7,0.7,0.0,0.9,0.736095965,
438,Зерно и продукты перемола,2028,импорт,в целом,0.0,0.0,0.9,0.9,0.0,0.6,1.403508772,
439,Прочие,2028,импорт,в целом,0.0,0.0,115.3,115.3,0.0,46.6,2.473602884,
440,Уголь каменный,2029,импорт,в целом,0.0,0.0,11.2,11.2,0.0,11.7,0.951731196,
441,Кокс каменноугольный,2029,импорт,в целом,0.0,0.0,0.2,0.2,0.0,0.1,1.764705882,
442,Нефть и нефтепродукты,2029,импорт,в целом,0.0,0.0,1.4,1.4,0.0,2.2,0.647482014,
443,Руды металлические,2029,импорт,в целом,0.0,0.0,16.8,16.8,0.0,28.1,0.596887657,
444,Черные металлы,2029,импорт,в целом,0.0,0.0,3.2,3.2,0.0,6.5,0.498146432,
445,Лесные грузы,2029,импорт,в целом,0.0,0.0,0.4,0.4,0.0,0.6,0.742753623,
446,Минерально-строительные материалы,2029,импорт,в целом,0.0,0.0,12.8,12.8,0.0,12.9,0.989684325,
447,Химические и минеральные удобрения,2029,импорт,в целом,0.0,0.0,0.7,0.7,0.0,0.9,0.736095965,
448,Зерно и продукты перемола,2029,импорт,в целом,0.0,0.0,0.9,0.9,0.0,0.6,1.403508772,
449,Прочие,2029,импорт,в целом,0.0,0.0,120.6,120.6,0.0,46.6,2.589063439,
450,Уголь каменный,2030,импорт,в целом,0.0,0.0,11.2,11.2,0.0,11.7,0.955142419,
451,Кокс каменноугольный,2030,импорт,в целом,0.0,0.0,0.2,0.2,0.0,0.1,1.764705882,
452,Нефть и нефтепродукты,2030,импорт,в целом,0.0,0.0,1.4,1.4,0.0,2.2,0.647482014,
453,Руды металлические,2030,импорт,в целом,0.0,0.0,15.8,15.8,0.0,28.1,0.559582179,
454,Черные металлы,2030,импорт,в целом,0.0,0.0,3.2,3.2,0.0,6.5,0.498146432,
455,Лесные грузы,2030,импорт,в целом,0.0,0.0,0.4,0.4,0.0,0.6,0.742753623,
456,Минерально-строительные материалы,2030,импорт,в целом,0.0,0.0,12.8,12.8,0.0,12.9,0.993950206,
457,Химические и минеральные удобрения,2030,импорт,в целом,0.0,0.0,0.7,0.7,0.0,0.9,0.736095965,
458,Зерно и продукты перемола,2030,импорт,в целом,0.0,0.0,0.9,0.9,0.0,0.6,1.403508772,
459,Прочие,2030,импорт,в целом,0.0,0.0,126.7,126.7,0.0,46.6,2.718473689,
460,Уголь каменный,2031,импорт,в целом,0.0,0.0,11.2,11.2,0.0,11.7,0.958553641,
461,Кокс каменноугольный,2031,импорт,в целом,0.0,0.0,0.2,0.2,0.0,0.1,1.764705882,
462,Нефть и нефтепродукты,2031,импорт,в целом,0.0,0.0,1.4,1.4,0.0,2.2,0.647482014,
463,Руды металлические,2031,импорт,в целом,0.0,0.0,14.7,14.7,0.0,28.1,0.5222767,
464,Черные металлы,2031,импорт,в целом,0.0,0.0,3.2,3.2,0.0,6.5,0.498146432,
465,Лесные грузы,2031,импорт,в целом,0.0,0.0,0.4,0.4,0.0,0.6,0.742753623,
466,Минерально-строительные материалы,2031,импорт,в целом,0.0,0.0,12.9,12.9,0.0,12.9,0.998216086,
467,Химические и минеральные удобрения,2031,импорт,в целом,0.0,0.0,0.7,0.7,0.0,0.9,0.736095965,
468,Зерно и продукты перемола,2031,импорт,в целом,0.0,0.0,0.9,0.9,0.0,0.6,1.403508772,
469,Прочие,2031,импорт,в целом,0.0,0.0,133.4,133.4,0.0,46.6,2.862477466,
470,Уголь каменный,2032,импорт,в целом,0.0,0.0,11.3,11.3,0.0,11.7,0.961964864,
471,Кокс каменноугольный,2032,импорт,в целом,0.0,0.0,0.2,0.2,0.0,0.1,1.764705882,
472,Нефть и нефтепродукты,2032,импорт,в целом,0.0,0.0,1.4,1.4,0.0,2.2,0.647482014,
473,Руды металлические,2032,импорт,в целом,0.0,0.0,13.7,13.7,0.0,28.1,0.484971221,
474,Черные металлы,2032,импорт,в целом,0.0,0.0,3.2,3.2,0.0,6.5,0.498146432,
475,Лесные грузы,2032,импорт,в целом,0.0,0.0,0.4,0.4,0.0,0.6,0.742753623,
476,Минерально-строительные материалы,2032,импорт,в целом,0.0,0.0,12.9,12.9,0.0,12.9,1.002481967,
477,Химические и минеральные удобрения,2032,импорт,в целом,0.0,0.0,0.7,0.7,0.0,0.9,0.736095965,
478,Зерно и продукты перемола,2032,импорт,в целом,0.0,0.0,0.9,0.9,0.0,0.6,1.403508772,
479,Прочие,2032,импорт,в целом,0.0,0.0,140.8,140.8,0.0,46.6,3.021718602,
480,Уголь каменный,2033,импорт,в целом,0.0,0.0,11.3,11.3,0.0,11.7,0.965376087,
481,Кокс каменноугольный,2033,импорт,в целом,0.0,0.0,0.2,0.2,0.0,0.1,1.764705882,
482,Нефть и нефтепродукты,2033,импорт,в целом,0.0,0.0,1.4,1.4,0.0,2.2,0.647482014,
483,Руды металлические,2033,импорт,в целом,0.0,0.0,12.6,12.6,0.0,28.1,0.447665743,
484,Черные металлы,2033,импорт,в целом,0.0,0.0,3.2,3.2,0.0,6.5,0.498146432,
485,Лесные грузы,2033,импорт,в целом,0.0,0.0,0.4,0.4,0.0,0.6,0.742753623,
486,Минерально-строительные материалы,2033,импорт,в целом,0.0,0.0,13.0,13.0,0.0,12.9,1.006747848,
487,Химические и минеральные удобрения,2033,импорт,в целом,0.0,0.0,0.7,0.7,0.0,0.9,0.736095965,
488,Зерно и продукты перемола,2033,импорт,в целом,0.0,0.0,0.9,0.9,0.0,0.6,1.403508772,
489,Прочие,2033,импорт,в целом,0.0,0.0,150.9,150.9,0.0,46.6,3.237509657,
490,Уголь каменный,2034,импорт,в целом,0.0,0.0,11.4,11.4,0.0,11.7,0.96878731,
491,Кокс каменноугольный,2034,импорт,в целом,0.0,0.0,0.2,0.2,0.0,0.1,1.764705882,
492,Нефть и нефтепродукты,2034,импорт,в целом,0.0,0.0,1.4,1.4,0.0,2.2,0.647482014,
493,Руды металлические,2034,импорт,в целом,0.0,0.0,11.6,11.6,0.0,28.1,0.410360264,
494,Черные металлы,2034,импорт,в целом,0.0,0.0,3.2,3.2,0.0,6.5,0.498146432,
495,Лесные грузы,2034,импорт,в целом,0.0,0.0,0.4,0.4,0.0,0.6,0.742753623,
496,Минерально-строительные материалы,2034,импорт,в целом,0.0,0.0,13.0,13.0,0.0,12.9,1.011013728,
497,Химические и минеральные удобрения,2034,импорт,в целом,0.0,0.0,0.7,0.7,0.0,0.9,0.736095965,
498,Зерно и продукты перемола,2034,импорт,в целом,0.0,0.0,0.9,0.9,0.0,0.6,1.403508772,
499,Прочие,2034,импорт,в целом,0.0,0.0,163.2,163.2,0.0,46.6,3.502768478,
500,Уголь каменный,2035,импорт,в целом,0.0,0.0,11.4,11.4,0.0,11.7,0.972198533,
501,Кокс каменноугольный,2035,импорт,в целом,0.0,0.0,0.2,0.2,0.0,0.1,1.764705882,
502,Нефть и нефтепродукты,2035,импорт,в целом,0.0,0.0,1.4,1.4,0.0,2.2,0.647482014,
503,Руды металлические,2035,импорт,в целом,0.0,0.0,10.5,10.5,0.0,28.1,0.373054786,
504,Черные металлы,2035,импорт,в целом,0.0,0.0,3.2,3.2,0.0,6.5,0.498146432,
505,Лесные грузы,2035,импорт,в целом,0.0,0.0,0.4,0.4,0.0,0.6,0.742753623,
506,Минерально-строительные материалы,2035,импорт,в целом,0.0,0.0,13.1,13.1,0.0,12.9,1.015279609,
507,Химические и минеральные удобрения,2035,импорт,в целом,0.0,0.0,0.7,0.7,0.0,0.9,0.736095965,
508,Зерно и продукты перемола,2035,импорт,в целом,0.0,0.0,0.9,0.9,0.0,0.6,1.403508772,
509,Прочие,2035,импорт,в целом,0.0,0.0,173.7,173.7,0.0,46.6,3.728646236,
520,Уголь каменный,2020,транзит,в целом,0.0,0.0,13.1,13.1,0.0,19.2,0.685708811,
521,Кокс каменноугольный,2020,транзит,в целом,0.0,0.0,0.0,0.0,0.0,0.0,1.7438605,
522,Нефть и нефтепродукты,2020,транзит,в целом,0.0,0.0,4.3,4.3,0.0,5.5,0.769718948,
523,Руды металлические,2020,транзит,в целом,0.0,0.0,0.7,0.7,0.0,0.6,1.244056057,
524,Черные металлы,2020,транзит,в целом,0.0,0.0,8.6,8.6,0.0,7.6,1.130724845,
525,Лесные грузы,2020,транзит,в целом,0.0,0.0,1.5,1.5,0.0,0.7,2.142857142857143,
526,Минерально-строительные материалы,2020,транзит,в целом,0.0,0.0,0.7,0.7,0.0,0.7,0.952528242,
527,Химические и минеральные удобрения,2020,транзит,в целом,0.0,0.0,0.9,0.9,0.0,0.8,1.204180232,
528,Зерно и продукты перемола,2020,транзит,в целом,0.0,0.0,0.9,0.9,0.0,2.3,0.402551043,
529,Прочие,2020,транзит,в целом,0.0,0.0,32.4,32.4,0.0,28.7,1.126069401,
530,Уголь каменный,2021,транзит,в целом,0.0,0.0,18.9,18.9,0.0,19.2,0.985193263,
531,Кокс каменноугольный,2021,транзит,в целом,0.0,0.0,0.1,0.1,0.0,0.0,5.178957182,
532,Нефть и нефтепродукты,2021,транзит,в целом,0.0,0.0,6.1,6.1,0.0,5.5,1.105342665,
533,Руды металлические,2021,транзит,в целом,0.0,0.0,0.8,0.8,0.0,0.6,1.321483103,
534,Черные металлы,2021,транзит,в целом,0.0,0.0,10.2,10.2,0.0,7.6,1.34747539,
535,Лесные грузы,2021,транзит,в целом,0.0,0.0,2.2,2.2,0.0,0.7,3.077570291,
536,Минерально-строительные материалы,2021,транзит,в целом,0.0,0.0,1.1,1.1,0.0,0.7,1.449906766,
537,Химические и минеральные удобрения,2021,транзит,в целом,0.0,0.0,1.1,1.1,0.0,0.8,1.524728768,
538,Зерно и продукты перемола,2021,транзит,в целом,0.0,0.0,1.2,1.2,0.0,2.3,0.522490229,
539,Прочие,2021,транзит,в целом,0.0,0.0,46.3,46.3,0.0,28.7,1.611263414,
540,Уголь каменный,2022,транзит,в целом,0.0,0.0,25.4,25.4,0.0,19.2,1.323654219,
541,Кокс каменноугольный,2022,транзит,в целом,0.0,0.0,0.0,0.0,0.0,0.0,0.156545455,
542,Нефть и нефтепродукты,2022,транзит,в целом,0.0,0.0,7.6,7.6,0.0,5.5,1.375544549,
543,Руды металлические,2022,транзит,в целом,0.0,0.0,0.5,0.5,0.0,0.6,0.945836522,
544,Черные металлы,2022,транзит,в целом,0.0,0.0,7.9,7.9,0.0,7.6,1.038676179,
545,Лесные грузы,2022,транзит,в целом,0.0,0.0,4.0,4.0,0.0,0.7,5.513043175,
546,Минерально-строительные материалы,2022,транзит,в целом,0.0,0.0,0.7,0.7,0.0,0.7,0.976906417,
547,Химические и минеральные удобрения,2022,транзит,в целом,0.0,0.0,8.1,8.1,0.0,0.8,10.80642743,
548,Зерно и продукты перемола,2022,транзит,в целом,0.0,0.0,1.7,1.7,0.0,2.3,0.732693878,
549,Прочие,2022,транзит,в целом,0.0,0.0,35.5,35.5,0.0,28.7,1.234654917,
550,Уголь каменный,2023,транзит,в целом,0.0,0.0,27.1,27.1,0.0,19.2,1.413372275,
551,Кокс каменноугольный,2023,транзит,в целом,0.0,0.0,0.0,0.0,0.0,0.0,0.073181818,
552,Нефть и нефтепродукты,2023,транзит,в целом,0.0,0.0,8.2,8.2,0.0,5.5,1.484695762,
553,Руды металлические,2023,транзит,в целом,0.0,0.0,0.6,0.6,0.0,0.6,1.12173913,
554,Черные металлы,2023,транзит,в целом,0.0,0.0,7.4,7.4,0.0,7.6,0.973047959,
555,Лесные грузы,2023,транзит,в целом,0.0,0.0,3.4,3.4,0.0,0.7,4.798050139,
556,Минерально-строительные материалы,2023,транзит,в целом,0.0,0.0,0.3,0.3,0.0,0.7,0.348328877,
557,Химические и минеральные удобрения,2023,транзит,в целом,0.0,0.0,6.0,6.0,0.0,0.8,8.002663116,
558,Зерно и продукты перемола,2023,транзит,в целом,0.0,0.0,2.8,2.8,0.0,2.3,1.233174121,
559,Прочие,2023,транзит,в целом,0.0,0.0,36.4,36.4,0.0,28.7,1.264997564,
560,Уголь каменный,2024,транзит,в целом,0.0,0.0,27.1,27.1,0.0,19.2,1.414415354,
561,Кокс каменноугольный,2024,транзит,в целом,0.0,0.0,0.0,0.0,0.0,0.0,0.076363636,
562,Нефть и нефтепродукты,2024,транзит,в целом,0.0,0.0,8.6,8.6,0.0,5.5,1.561934082,
563,Руды металлические,2024,транзит,в целом,0.0,0.0,1.1,1.1,0.0,0.6,1.839130435,
564,Черные металлы,2024,транзит,в целом,0.0,0.0,9.3,9.3,0.0,7.6,1.232395297,
565,Лесные грузы,2024,транзит,в целом,0.0,0.0,4.0,4.0,0.0,0.7,5.561281337,
566,Минерально-строительные материалы,2024,транзит,в целом,0.0,0.0,0.8,0.8,0.0,0.7,1.032085561,
567,Химические и минеральные удобрения,2024,транзит,в целом,0.0,0.0,7.5,7.5,0.0,0.8,9.986684421,
568,Зерно и продукты перемола,2024,транзит,в целом,0.0,0.0,3.1,3.1,0.0,2.3,1.324359531,
569,Прочие,2024,транзит,в целом,0.0,0.0,40.1,40.1,0.0,28.7,1.394669079,
570,Уголь каменный,2025,транзит,в целом,0.0,0.0,27.1,27.1,0.0,19.2,1.414415354,
571,Кокс каменноугольный,2025,транзит,в целом,0.0,0.0,0.0,0.0,0.0,0.0,0.076363636,
572,Нефть и нефтепродукты,2025,транзит,в целом,0.0,0.0,9.1,9.1,0.0,5.5,1.645237233,
573,Руды металлические,2025,транзит,в целом,0.0,0.0,1.3,1.3,0.0,0.6,2.206956522,
574,Черные металлы,2025,транзит,в целом,0.0,0.0,10.2,10.2,0.0,7.6,1.348659004,
575,Лесные грузы,2025,транзит,в целом,0.0,0.0,4.4,4.4,0.0,0.7,6.066852368,
576,Минерально-строительные материалы,2025,транзит,в целом,0.0,0.0,0.8,0.8,0.0,0.7,1.032085561,
577,Химические и минеральные удобрения,2025,транзит,в целом,0.0,0.0,9.8,9.8,0.0,0.8,13.04926764,
578,Зерно и продукты перемола,2025,транзит,в целом,0.0,0.0,3.1,3.1,0.0,2.3,1.324359531,
579,Прочие,2025,транзит,в целом,0.0,0.0,42.5,42.5,0.0,28.7,1.478234393,
580,Уголь каменный,2026,транзит,в целом,0.0,0.0,27.1,27.1,0.0,19.2,1.414415354,
581,Кокс каменноугольный,2026,транзит,в целом,0.0,0.0,0.0,0.0,0.0,0.0,0.076363636,
582,Нефть и нефтепродукты,2026,транзит,в целом,0.0,0.0,9.5,9.5,0.0,5.5,1.728540384,
583,Руды металлические,2026,транзит,в целом,0.0,0.0,1.5,1.5,0.0,0.6,2.574782609,
584,Черные металлы,2026,транзит,в целом,0.0,0.0,10.6,10.6,0.0,7.6,1.395164487,
585,Лесные грузы,2026,транзит,в целом,0.0,0.0,4.7,4.7,0.0,0.7,6.572423398,
586,Минерально-строительные материалы,2026,транзит,в целом,0.0,0.0,0.8,0.8,0.0,0.7,1.032085561,
587,Химические и минеральные удобрения,2026,транзит,в целом,0.0,0.0,11.3,11.3,0.0,0.8,14.98002663,
588,Зерно и продукты перемола,2026,транзит,в целом,0.0,0.0,3.1,3.1,0.0,2.3,1.324359531,
589,Прочие,2026,транзит,в целом,0.0,0.0,44.2,44.2,0.0,28.7,1.538729209,
590,Уголь каменный,2027,транзит,в целом,0.0,0.0,27.1,27.1,0.0,19.2,1.414415354,
591,Кокс каменноугольный,2027,транзит,в целом,0.0,0.0,0.0,0.0,0.0,0.0,0.076363636,
592,Нефть и нефтепродукты,2027,транзит,в целом,0.0,0.0,10.0,10.0,0.0,5.5,1.811843535,
593,Руды металлические,2027,транзит,в целом,0.0,0.0,1.8,1.8,0.0,0.6,3.126521739,
594,Черные металлы,2027,транзит,в целом,0.0,0.0,10.8,10.8,0.0,7.6,1.430043599,
595,Лесные грузы,2027,транзит,в целом,0.0,0.0,5.1,5.1,0.0,0.7,7.077994429,
596,Минерально-строительные материалы,2027,транзит,в целом,0.0,0.0,0.8,0.8,0.0,0.7,1.032085561,
597,Химические и минеральные удобрения,2027,транзит,в целом,0.0,0.0,12.6,12.6,0.0,0.8,16.77762983,
598,Зерно и продукты перемола,2027,транзит,в целом,0.0,0.0,3.1,3.1,0.0,2.3,1.324359531,
599,Прочие,2027,транзит,в целом,0.0,0.0,45.6,45.6,0.0,28.7,1.587723572,
600,Уголь каменный,2028,транзит,в целом,0.0,0.0,27.1,27.1,0.0,19.2,1.414415354,
601,Кокс каменноугольный,2028,транзит,в целом,0.0,0.0,0.0,0.0,0.0,0.0,0.076363636,
602,Нефть и нефтепродукты,2028,транзит,в целом,0.0,0.0,10.5,10.5,0.0,5.5,1.895146686,
603,Руды металлические,2028,транзит,в целом,0.0,0.0,2.1,2.1,0.0,0.6,3.67826087,
604,Черные металлы,2028,транзит,в целом,0.0,0.0,11.1,11.1,0.0,7.6,1.464922711,
605,Лесные грузы,2028,транзит,в целом,0.0,0.0,5.4,5.4,0.0,0.7,7.58356546,
606,Минерально-строительные материалы,2028,транзит,в целом,0.0,0.0,0.8,0.8,0.0,0.7,1.032085561,
607,Химические и минеральные удобрения,2028,транзит,в целом,0.0,0.0,12.6,12.6,0.0,0.8,16.77762983,
608,Зерно и продукты перемола,2028,транзит,в целом,0.0,0.0,3.1,3.1,0.0,2.3,1.324359531,
609,Прочие,2028,транзит,в целом,0.0,0.0,47.0,47.0,0.0,28.7,1.636857123,
610,Уголь каменный,2029,транзит,в целом,0.0,0.0,27.1,27.1,0.0,19.2,1.414415354,
611,Кокс каменноугольный,2029,транзит,в целом,0.0,0.0,0.0,0.0,0.0,0.0,0.076363636,
612,Нефть и нефтепродукты,2029,транзит,в целом,0.0,0.0,10.8,10.8,0.0,5.5,1.957624049,
613,Руды металлические,2029,транзит,в целом,0.0,0.0,2.1,2.1,0.0,0.6,3.67826087,
614,Черные металлы,2029,транзит,в целом,0.0,0.0,11.4,11.4,0.0,7.6,1.499801823,
615,Лесные грузы,2029,транзит,в целом,0.0,0.0,5.4,5.4,0.0,0.7,7.58356546,
616,Минерально-строительные материалы,2029,транзит,в целом,0.0,0.0,0.8,0.8,0.0,0.7,1.032085561,
617,Химические и минеральные удобрения,2029,транзит,в целом,0.0,0.0,12.6,12.6,0.0,0.8,16.77762983,
618,Зерно и продукты перемола,2029,транзит,в целом,0.0,0.0,3.1,3.1,0.0,2.3,1.324359531,
619,Прочие,2029,транзит,в целом,0.0,0.0,48.5,48.5,0.0,28.7,1.686129863,
620,Уголь каменный,2030,транзит,в целом,0.0,0.0,27.1,27.1,0.0,19.2,1.414415354,
621,Кокс каменноугольный,2030,транзит,в целом,0.0,0.0,0.0,0.0,0.0,0.0,0.076363636,
622,Нефть и нефтепродукты,2030,транзит,в целом,0.0,0.0,11.2,11.2,0.0,5.5,2.020101413,
623,Руды металлические,2030,транзит,в целом,0.0,0.0,2.1,2.1,0.0,0.6,3.67826087,
624,Черные металлы,2030,транзит,в целом,0.0,0.0,11.6,11.6,0.0,7.6,1.534680935,
625,Лесные грузы,2030,транзит,в целом,0.0,0.0,5.4,5.4,0.0,0.7,7.58356546,
626,Минерально-строительные материалы,2030,транзит,в целом,0.0,0.0,0.8,0.8,0.0,0.7,1.032085561,
627,Химические и минеральные удобрения,2030,транзит,в целом,0.0,0.0,12.6,12.6,0.0,0.8,16.77762983,
628,Зерно и продукты перемола,2030,транзит,в целом,0.0,0.0,3.1,3.1,0.0,2.3,1.324359531,
629,Прочие,2030,транзит,в целом,0.0,0.0,50.2,50.2,0.0,28.7,1.747268425,
630,Уголь каменный,2031,транзит,в целом,0.0,0.0,27.1,27.1,0.0,19.2,1.414415354,
631,Кокс каменноугольный,2031,транзит,в целом,0.0,0.0,0.0,0.0,0.0,0.0,0.076363636,
632,Нефть и нефтепродукты,2031,транзит,в целом,0.0,0.0,11.5,11.5,0.0,5.5,2.082578776,
633,Руды металлические,2031,транзит,в целом,0.0,0.0,2.1,2.1,0.0,0.6,3.67826087,
634,Черные металлы,2031,транзит,в целом,0.0,0.0,11.9,11.9,0.0,7.6,1.569560048,
635,Лесные грузы,2031,транзит,в целом,0.0,0.0,5.4,5.4,0.0,0.7,7.58356546,
636,Минерально-строительные материалы,2031,транзит,в целом,0.0,0.0,0.8,0.8,0.0,0.7,1.032085561,
637,Химические и минеральные удобрения,2031,транзит,в целом,0.0,0.0,12.6,12.6,0.0,0.8,16.77762983,
638,Зерно и продукты перемола,2031,транзит,в целом,0.0,0.0,3.1,3.1,0.0,2.3,1.324359531,
639,Прочие,2031,транзит,в целом,0.0,0.0,52.0,52.0,0.0,28.7,1.808580973,
640,Уголь каменный,2032,транзит,в целом,0.0,0.0,27.1,27.1,0.0,19.2,1.414415354,
641,Кокс каменноугольный,2032,транзит,в целом,0.0,0.0,0.0,0.0,0.0,0.0,0.076363636,
642,Нефть и нефтепродукты,2032,транзит,в целом,0.0,0.0,11.8,11.8,0.0,5.5,2.145056139,
643,Руды металлические,2032,транзит,в целом,0.0,0.0,2.1,2.1,0.0,0.6,3.67826087,
644,Черные металлы,2032,транзит,в целом,0.0,0.0,12.1,12.1,0.0,7.6,1.598625974,
645,Лесные грузы,2032,транзит,в целом,0.0,0.0,5.4,5.4,0.0,0.7,7.58356546,
646,Минерально-строительные материалы,2032,транзит,в целом,0.0,0.0,0.8,0.8,0.0,0.7,1.032085561,
647,Химические и минеральные удобрения,2032,транзит,в целом,0.0,0.0,12.6,12.6,0.0,0.8,16.77762983,
648,Зерно и продукты перемола,2032,транзит,в целом,0.0,0.0,3.1,3.1,0.0,2.3,1.324359531,
649,Прочие,2032,транзит,в целом,0.0,0.0,53.7,53.7,0.0,28.7,1.870067506,
650,Уголь каменный,2033,транзит,в целом,0.0,0.0,27.1,27.1,0.0,19.2,1.414415354,
651,Кокс каменноугольный,2033,транзит,в целом,0.0,0.0,0.0,0.0,0.0,0.0,0.076363636,
652,Нефть и нефтепродукты,2033,транзит,в целом,0.0,0.0,12.2,12.2,0.0,5.5,2.207533502,
653,Руды металлические,2033,транзит,в целом,0.0,0.0,2.1,2.1,0.0,0.6,3.67826087,
654,Черные металлы,2033,транзит,в целом,0.0,0.0,12.3,12.3,0.0,7.6,1.627691901,
655,Лесные грузы,2033,транзит,в целом,0.0,0.0,5.4,5.4,0.0,0.7,7.58356546,
656,Минерально-строительные материалы,2033,транзит,в целом,0.0,0.0,0.8,0.8,0.0,0.7,1.032085561,
657,Химические и минеральные удобрения,2033,транзит,в целом,0.0,0.0,12.6,12.6,0.0,0.8,16.77762983,
658,Зерно и продукты перемола,2033,транзит,в целом,0.0,0.0,3.1,3.1,0.0,2.3,1.324359531,
659,Прочие,2033,транзит,в целом,0.0,0.0,55.5,55.5,0.0,28.7,1.931728026,
660,Уголь каменный,2034,транзит,в целом,0.0,0.0,27.1,27.1,0.0,19.2,1.414415354,
661,Кокс каменноугольный,2034,транзит,в целом,0.0,0.0,0.0,0.0,0.0,0.0,0.076363636,
662,Нефть и нефтепродукты,2034,транзит,в целом,0.0,0.0,12.5,12.5,0.0,5.5,2.270010866,
663,Руды металлические,2034,транзит,в целом,0.0,0.0,2.1,2.1,0.0,0.6,3.67826087,
664,Черные металлы,2034,транзит,в целом,0.0,0.0,12.5,12.5,0.0,7.6,1.656757828,
665,Лесные грузы,2034,транзит,в целом,0.0,0.0,5.4,5.4,0.0,0.7,7.58356546,
666,Минерально-строительные материалы,2034,транзит,в целом,0.0,0.0,0.8,0.8,0.0,0.7,1.032085561,
667,Химические и минеральные удобрения,2034,транзит,в целом,0.0,0.0,12.6,12.6,0.0,0.8,16.77762983,
668,Зерно и продукты перемола,2034,транзит,в целом,0.0,0.0,3.1,3.1,0.0,2.3,1.324359531,
669,Прочие,2034,транзит,в целом,0.0,0.0,57.3,57.3,0.0,28.7,1.99356253,
670,Уголь каменный,2035,транзит,в целом,0.0,0.0,27.1,27.1,0.0,19.2,1.414415354,
671,Кокс каменноугольный,2035,транзит,в целом,0.0,0.0,0.0,0.0,0.0,0.0,0.076363636,
672,Нефть и нефтепродукты,2035,транзит,в целом,0.0,0.0,12.9,12.9,0.0,5.5,2.332488229,
673,Руды металлические,2035,транзит,в целом,0.0,0.0,2.1,2.1,0.0,0.6,3.67826087,
674,Черные металлы,2035,транзит,в целом,0.0,0.0,12.8,12.8,0.0,7.6,1.685823755,
675,Лесные грузы,2035,транзит,в целом,0.0,0.0,5.4,5.4,0.0,0.7,7.58356546,
676,Минерально-строительные материалы,2035,транзит,в целом,0.0,0.0,0.8,0.8,0.0,0.7,1.032085561,
677,Химические и минеральные удобрения,2035,транзит,в целом,0.0,0.0,12.6,12.6,0.0,0.8,16.77762983,
678,Зерно и продукты перемола,2035,транзит,в целом,0.0,0.0,3.1,3.1,0.0,2.3,1.324359531,
679,Прочие,2035,транзит,в целом,0.0,0.0,59.1,59.1,0.0,28.7,2.055571021,
681,Грузы на своих осях,2020,внутрироссийское,в целом,0.0,0.0,285.1,285.1,0.0,297.8,0.957284284,
682,Грузы на своих осях,2021,внутрироссийское,в целом,0.0,0.0,282.8,282.8,0.0,297.8,0.949518612,
683,Грузы на своих осях,2022,внутрироссийское,в целом,0.0,0.0,298.5,298.5,0.0,297.8,1.002451133,
684,Грузы на своих осях,2023,внутрироссийское,в целом,0.0,0.0,264.3,264.3,0.0,297.8,0.887538023,
685,Грузы на своих осях,2024,внутрироссийское,в целом,0.0,0.0,264.8,264.8,0.0,297.8,0.889309299,
686,Грузы на своих осях,2025,внутрироссийское,в целом,0.0,0.0,267.8,267.8,0.0,297.8,0.899239667,
687,Грузы на своих осях,2026,внутрироссийское,в целом,0.0,0.0,276.1,276.1,0.0,297.8,0.927172785,
688,Грузы на своих осях,2027,внутрироссийское,в целом,0.0,0.0,278.6,278.6,0.0,297.8,0.935581047,
689,Грузы на своих осях,2028,внутрироссийское,в целом,0.0,0.0,280.8,280.8,0.0,297.8,0.942725851,
690,Грузы на своих осях,2029,внутрироссийское,в целом,0.0,0.0,282.8,282.8,0.0,297.8,0.949745471,
691,Грузы на своих осях,2030,внутрироссийское,в целом,0.0,0.0,284.4,284.4,0.0,297.8,0.954891343,
692,Грузы на своих осях,2031,внутрироссийское,в целом,0.0,0.0,285.7,285.7,0.0,297.8,0.959390489,
693,Грузы на своих осях,2032,внутрироссийское,в целом,0.0,0.0,287.0,287.0,0.0,297.8,0.96369599,
694,Грузы на своих осях,2033,внутрироссийское,в целом,0.0,0.0,288.2,288.2,0.0,297.8,0.967819112,
695,Грузы на своих осях,2034,внутрироссийское,в целом,0.0,0.0,289.4,289.4,0.0,297.8,0.971755478,
696,Грузы на своих осях,2035,внутрироссийское,в целом,0.0,0.0,290.5,290.5,0.0,297.8,0.97549608,
698,Грузы на своих осях,2020,экспорт,в целом,0.0,0.0,8.3,8.3,0.0,11.3,0.736893615,
699,Грузы на своих осях,2021,экспорт,в целом,0.0,0.0,10.4,10.4,0.0,11.3,0.920667483,
700,Грузы на своих осях,2022,экспорт,в целом,0.0,0.0,12.4,12.4,0.0,11.3,1.097226392,
701,Грузы на своих осях,2023,экспорт,в целом,0.0,0.0,8.6,8.6,0.0,11.3,0.763674982,
702,Грузы на своих осях,2024,экспорт,в целом,0.0,0.0,8.5,8.5,0.0,11.3,0.751486486,
703,Грузы на своих осях,2025,экспорт,в целом,0.0,0.0,8.7,8.7,0.0,11.3,0.765468721,
704,Грузы на своих осях,2026,экспорт,в целом,0.0,0.0,10.6,10.6,0.0,11.3,0.939764149,
705,Грузы на своих осях,2027,экспорт,в целом,0.0,0.0,10.8,10.8,0.0,11.3,0.955292006,
706,Грузы на своих осях,2028,экспорт,в целом,0.0,0.0,11.0,11.0,0.0,11.3,0.974359834,
707,Грузы на своих осях,2029,экспорт,в целом,0.0,0.0,11.3,11.3,0.0,11.3,1.000685798,
708,Грузы на своих осях,2030,экспорт,в целом,0.0,0.0,11.7,11.7,0.0,11.3,1.030878935,
709,Грузы на своих осях,2031,экспорт,в целом,0.0,0.0,12.0,12.0,0.0,11.3,1.065117616,
710,Грузы на своих осях,2032,экспорт,в целом,0.0,0.0,12.5,12.5,0.0,11.3,1.103580386,
711,Грузы на своих осях,2033,экспорт,в целом,0.0,0.0,13.1,13.1,0.0,11.3,1.157719667,
712,Грузы на своих осях,2034,экспорт,в целом,0.0,0.0,13.9,13.9,0.0,11.3,1.225572427,
713,Грузы на своих осях,2035,экспорт,в целом,0.0,0.0,14.5,14.5,0.0,11.3,1.282507959,
715,Грузы на своих осях,2020,импорт,в целом,0.0,0.0,374.6,374.6,0.0,385.9,0.970705403,
716,Грузы на своих осях,2021,импорт,в целом,0.0,0.0,379.4,379.4,0.0,385.9,0.98307612,
717,Грузы на своих осях,2022,импорт,в целом,0.0,0.0,342.3,342.3,0.0,385.9,0.887088675,
718,Грузы на своих осях,2023,импорт,в целом,0.0,0.0,331.6,331.6,0.0,385.9,0.859368076,
719,Грузы на своих осях,2024,импорт,в целом,0.0,0.0,357.8,357.8,0.0,385.9,0.92700554,
720,Грузы на своих осях,2025,импорт,в целом,0.0,0.0,383.2,383.2,0.0,385.9,0.992889618,
721,Грузы на своих осях,2026,импорт,в целом,0.0,0.0,414.3,414.3,0.0,385.9,1.073648267,
722,Грузы на своих осях,2027,импорт,в целом,0.0,0.0,430.2,430.2,0.0,385.9,1.114731402,
723,Грузы на своих осях,2028,импорт,в целом,0.0,0.0,437.0,437.0,0.0,385.9,1.132284088,
724,Грузы на своих осях,2029,импорт,в целом,0.0,0.0,454.4,454.4,0.0,385.9,1.177347696,
725,Грузы на своих осях,2030,импорт,в целом,0.0,0.0,471.5,471.5,0.0,385.9,1.221643659,
726,Грузы на своих осях,2031,импорт,в целом,0.0,0.0,478.2,478.2,0.0,385.9,1.239064547,
727,Грузы на своих осях,2032,импорт,в целом,0.0,0.0,512.0,512.0,0.0,385.9,1.326730197,
728,Грузы на своих осях,2033,импорт,в целом,0.0,0.0,514.6,514.6,0.0,385.9,1.333435421,
729,Грузы на своих осях,2034,импорт,в целом,0.0,0.0,517.0,517.0,0.0,385.9,1.339570388,
730,Грузы на своих осях,2035,импорт,в целом,0.0,0.0,519.8,519.8,0.0,385.9,1.347010139,
732,Грузы на своих осях,2020,транзит,в целом,0.0,0.0,8.1,8.1,0.0,8.0,1.01594148,
733,Грузы на своих осях,2021,транзит,в целом,0.0,0.0,9.2,9.2,0.0,8.0,1.151097336,
734,Грузы на своих осях,2022,транзит,в целом,0.0,0.0,11.1,11.1,0.0,8.0,1.387120905,
735,Грузы на своих осях,2023,транзит,в целом,0.0,0.0,10.8,10.8,0.0,8.0,1.356511878,
736,Грузы на своих осях,2024,транзит,в целом,0.0,0.0,11.4,11.4,0.0,8.0,1.42118947,
737,Грузы на своих осях,2025,транзит,в целом,0.0,0.0,11.7,11.7,0.0,8.0,1.46838699,
738,Грузы на своих осях,2026,транзит,в целом,0.0,0.0,12.0,12.0,0.0,8.0,1.506148559,
739,Грузы на своих осях,2027,транзит,в целом,0.0,0.0,12.4,12.4,0.0,8.0,1.5461472,
740,Грузы на своих осях,2028,транзит,в целом,0.0,0.0,12.5,12.5,0.0,8.0,1.56756781,
741,Грузы на своих осях,2029,транзит,в целом,0.0,0.0,12.6,12.6,0.0,8.0,1.578146675,
742,Грузы на своих осях,2030,транзит,в целом,0.0,0.0,12.7,12.7,0.0,8.0,1.592734129,
743,Грузы на своих осях,2031,транзит,в целом,0.0,0.0,12.9,12.9,0.0,8.0,1.606935555,
744,Грузы на своих осях,2032,транзит,в целом,0.0,0.0,13.0,13.0,0.0,8.0,1.620203055,
745,Грузы на своих осях,2033,транзит,в целом,0.0,0.0,13.1,13.1,0.0,8.0,1.633106783,
746,Грузы на своих осях,2034,транзит,в целом,0.0,0.0,13.2,13.2,0.0,8.0,1.645652064,
747,Грузы на своих осях,2035,транзит,в целом,0.0,0.0,13.3,13.3,0.0,8.0,1.657844162,
759,Уголь каменный,2020,общий уровень,в целом,353.3,353.3,1094.6,1094.6,2843.8,1149.8,0.9519916507218646,0.9177460779259058
760,Кокс каменноугольный,2020,общий уровень,в целом,11.2,11.2,27.0,27.0,2388.9,25.9,1.041250357,0.9920819563124446
761,Нефть и нефтепродукты,2020,общий уровень,в целом,208.8,208.8,349.2,349.2,1603.8,387.8,0.900290615,0.9592333763779765
762,Руды металлические,2020,общий уровень,в целом,139.6,139.6,164.9,164.9,1055.0,166.2,0.99222426,0.8934170969331018
763,Черные металлы,2020,общий уровень,в целом,66.4,66.4,154.7,154.7,1792.4,151.1,1.023784189,0.7697159791612271
764,Лесные грузы,2020,общий уровень,в целом,40.7,40.7,75.1,75.1,1526.7,75.7,0.992417102,0.8271249752306408
765,Минерально-строительные материалы,2020,общий уровень,в целом,197.6,197.6,210.7,210.7,896.4,206.9,1.018415347,0.8409932521609246
766,Химические и минеральные удобрения,2020,общий уровень,в целом,62.7,62.7,109.0,109.0,1677.6,99.3,1.097857597,0.9655767459472943
767,Зерно и продукты перемола,2020,общий уровень,в целом,30.3,30.3,51.4,51.4,1640.1,47.7,1.078042821,0.9645684029857481
768,Прочие,2020,общий уровень,в целом,132.9,132.9,308.3,308.3,2389.1,291.6,1.057445113,1.0297598864000064
769,Грузы на своих осях,2020,общий уровень,в целом,0.0,0.0,676.2,676.2,0.0,703.0,0.961774057,
770,Уголь каменный,2021,общий уровень,в целом,371.7,371.7,1137.1,1137.1,2825.3,1149.8,0.98887129,0.9234959062606969
771,Кокс каменноугольный,2021,общий уровень,в целом,12.0,12.0,28.5,28.5,2348.5,25.9,1.099304752,0.9932445598738032
772,Нефть и нефтепродукты,2021,общий уровень,в целом,217.5,217.5,350.8,350.8,1545.9,387.8,0.904569762,0.9584784408417761
773,Руды металлические,2021,общий уровень,в целом,139.7,139.7,158.9,158.9,1009.4,166.2,0.956399263,0.8869176580882352
774,Черные металлы,2021,общий уровень,в целом,69.3,69.3,156.4,156.4,1756.8,151.1,1.035620677,0.7780066542300275
775,Лесные грузы,2021,общий уровень,в целом,41.8,41.8,79.7,79.7,1571.5,75.7,1.05366483,0.8233351094394323
776,Минерально-строительные материалы,2021,общий уровень,в целом,196.3,196.3,213.4,213.4,926.7,206.9,1.031369262,0.8524351267637527
777,Химические и минеральные удобрения,2021,общий уровень,в целом,65.0,65.0,112.2,112.2,1653.5,99.3,1.130110113,0.957742042292016
778,Зерно и продукты перемола,2021,общий уровень,в целом,27.7,27.7,49.7,49.7,1681.9,47.7,1.041938364,0.9356353646487486
779,Прочие,2021,общий уровень,в целом,142.0,142.0,351.9,351.9,2547.5,291.6,1.20669452,1.0279820791780083
780,Грузы на своих осях,2021,общий уровень,в целом,0.0,0.0,681.8,681.8,0.0,703.0,0.969768716,
781,Уголь каменный,2022,общий уровень,в целом,354.4,354.4,1070.2,1070.2,2764.7,1149.8,0.930724555,0.9155410671251886
782,Кокс каменноугольный,2022,общий уровень,в целом,10.1,10.1,25.7,25.7,2502.4,25.9,0.992442495,0.9881473752070355
783,Нефть и нефтепродукты,2022,общий уровень,в целом,216.0,216.0,369.5,369.5,1615.3,387.8,0.95265275,0.9442634624560993
784,Руды металлические,2022,общий уровень,в целом,133.2,133.2,166.5,166.5,1147.9,166.2,1.00167221,0.9182799431266713
785,Черные металлы,2022,общий уровень,в целом,66.3,66.3,156.9,156.9,1846.7,151.1,1.038503052,0.7802907857420573
786,Лесные грузы,2022,общий уровень,в целом,31.4,31.4,72.8,72.8,1786.5,75.7,0.962643849,0.7704038164005856
787,Минерально-строительные материалы,2022,общий уровень,в целом,197.3,197.3,237.1,237.1,1030.3,206.9,1.146071857,0.8573996517929526
788,Химические и минеральные удобрения,2022,общий уровень,в целом,60.5,60.5,113.3,113.3,1684.1,99.3,1.141561386,0.8990618511081108
789,Зерно и продукты перемола,2022,общий уровень,в целом,26.8,26.8,47.8,47.8,1668.0,47.7,1.002129561,0.9358023942844047
790,Прочие,2022,общий уровень,в целом,138.3,138.3,376.8,376.8,2845.7,291.6,1.292221251,1.0441975121119773
791,Грузы на своих осях,2022,общий уровень,в целом,0.0,0.0,664.4,664.4,0.0,703.0,0.94502505,
792,Уголь каменный,2023,общий уровень,в целом,320.9,320.9,957.9,957.9,2705.1,1149.8,0.833088474,0.9063358920745868
793,Кокс каменноугольный,2023,общий уровень,в целом,10.2,10.2,25.3,25.3,2454.1,25.9,0.976006583,0.9901557504131763
794,Нефть и нефтепродукты,2023,общий уровень,в целом,211.4,211.4,359.0,359.0,1622.4,387.8,0.925697703,0.9554345855924202
795,Руды металлические,2023,общий уровень,в целом,134.0,134.0,164.2,164.2,1121.6,166.2,0.988328386,0.9148564746292929
796,Черные металлы,2023,общий уровень,в целом,65.3,65.3,180.1,180.1,2121.7,151.1,1.192144717,0.7687762102678277
797,Лесные грузы,2023,общий уровень,в целом,35.6,35.6,71.7,71.7,1653.3,75.7,0.947933792,0.8198834367002044
798,Минерально-строительные материалы,2023,общий уровень,в целом,199.9,199.9,236.9,236.9,1017.6,206.9,1.145183297,0.8586007175218024
799,Химические и минеральные удобрения,2023,общий уровень,в целом,61.4,61.4,119.8,119.8,1769.1,99.3,1.206617419,0.9072360118411222
800,Зерно и продукты перемола,2023,общий уровень,в целом,26.8,26.8,50.6,50.6,1754.3,47.7,1.05996523,0.9305536584505919
801,Прочие,2023,общий уровень,в целом,138.1,138.1,362.7,362.7,2729.0,291.6,1.244010025,1.0391356025102163
802,Грузы на своих осях,2023,общий уровень,в целом,0.0,0.0,615.5,615.5,0.0,703.0,0.875417454,
803,Уголь каменный,2024,общий уровень,в целом,336.6,336.6,1037.2,1037.2,2807.3,1149.8,0.902057316,0.9110297938680063
804,Кокс каменноугольный,2024,общий уровень,в целом,10.8,10.8,26.6,26.6,2440.2,25.9,1.027702959,0.9906984424018933
805,Нефть и нефтепродукты,2024,общий уровень,в целом,216.2,216.2,369.6,369.6,1632.0,387.8,0.953028789,0.9546393850054414
806,Руды металлические,2024,общий уровень,в целом,136.3,136.3,165.8,165.8,1120.2,166.2,0.997726968,0.9208594608528332
807,Черные металлы,2024,общий уровень,в целом,66.3,66.3,187.0,187.0,2172.4,151.1,1.237593713,0.7703837971470996
808,Лесные грузы,2024,общий уровень,в целом,35.6,35.6,72.4,72.4,1657.7,75.7,0.957047444,0.8148113627562751
809,Минерально-строительные материалы,2024,общий уровень,в целом,201.5,201.5,238.5,238.5,1015.9,206.9,1.152952419,0.8582806179548029
810,Химические и минеральные удобрения,2024,общий уровень,в целом,63.9,63.9,126.3,126.3,1775.7,99.3,1.271908423,0.8981682258348508
811,Зерно и продукты перемола,2024,общий уровень,в целом,28.3,28.3,53.6,53.6,1760.8,47.7,1.123622007,0.9307962425159007
812,Прочие,2024,общий уровень,в целом,141.1,141.1,374.4,374.4,2748.3,291.6,1.284097849,1.035313685526791
813,Грузы на своих осях,2024,общий уровень,в целом,0.0,0.0,642.5,642.5,0.0,703.0,0.913836172,
814,Уголь каменный,2025,общий уровень,в целом,354.7,354.7,1120.3,1120.3,2889.8,1149.8,0.974309308,0.9149487195361026
815,Кокс каменноугольный,2025,общий уровень,в целом,11.0,11.0,26.9,26.9,2425.6,25.9,1.04027414,0.9908660168987695
816,Нефть и нефтепродукты,2025,общий уровень,в целом,222.1,222.1,380.9,380.9,1633.7,387.8,0.982026558,0.9527419068911034
817,Руды металлические,2025,общий уровень,в целом,139.0,139.0,169.4,169.4,1122.6,166.2,1.019126185,0.92129917549985
818,Черные металлы,2025,общий уровень,в целом,67.9,67.9,193.8,193.8,2199.9,151.1,1.282573202,0.7709504951322865
819,Лесные грузы,2025,общий уровень,в целом,36.3,36.3,74.3,74.3,1661.3,75.7,0.981637384,0.8117700311195613
820,Минерально-строительные материалы,2025,общий уровень,в целом,207.8,207.8,243.0,243.0,1007.7,206.9,1.174865329,0.8615553495642918
821,Химические и минеральные удобрения,2025,общий уровень,в целом,68.5,68.5,137.0,137.0,1760.7,99.3,1.379745166,0.8800612840206613
822,Зерно и продукты перемола,2025,общий уровень,в целом,29.7,29.7,55.8,55.8,1751.0,47.7,1.169850713,0.9317056905521102
823,Прочие,2025,общий уровень,в целом,144.0,144.0,382.5,382.5,2760.6,291.6,1.311888368,1.039207457026415
824,Грузы на своих осях,2025,общий уровень,в целом,0.0,0.0,671.4,671.4,0.0,703.0,0.954970692,
825,Уголь каменный,2026,общий уровень,в целом,9999.0,381.6,29804.19181337129,1230.9,2970.9,1149.8,25.921196567552,0.9210605716869336
826,Кокс каменноугольный,2026,общий уровень,в целом,12.1,12.1,29.6,29.6,2415.9,25.9,1.142929464,0.99033106309308
827,Нефть и нефтепродукты,2026,общий уровень,в целом,231.2,231.2,397.6,397.6,1641.0,387.8,1.025317815,0.9541435008665953
828,Руды металлические,2026,общий уровень,в целом,150.1,150.1,195.0,195.0,1206.7,166.2,1.173135149,0.9291038757533109
829,Черные металлы,2026,общий уровень,в целом,77.2,77.2,193.8,193.8,1994.3,151.1,1.28311127,0.7945802293828216
830,Лесные грузы,2026,общий уровень,в целом,37.1,37.1,83.0,83.0,1750.9,75.7,1.096781986,0.781811652043858
831,Минерально-строительные материалы,2026,общий уровень,в целом,218.3,218.3,254.6,254.6,1009.9,206.9,1.230712638,0.8657595801478775
832,Химические и минеральные удобрения,2026,общий уровень,в целом,76.1,76.1,150.6,150.6,1724.6,99.3,1.51681348,0.871142187746583
833,Зерно и продукты перемола,2026,общий уровень,в целом,31.6,31.6,59.0,59.0,1746.4,47.7,1.237406735,0.9335261752774516
834,Прочие,2026,общий уровень,в целом,150.7,150.7,438.0,438.0,2952.9,291.6,1.502270143,1.0157495571184108
835,Грузы на своих осях,2026,общий уровень,в целом,0.0,0.0,713.1,713.1,0.0,703.0,1.014367629,
836,Уголь каменный,2027,общий уровень,в целом,391.6,391.6,1275.7,1275.7,3005.8,1149.8,1.109427546,0.9227013755590826
837,Кокс каменноугольный,2027,общий уровень,в целом,12.3,12.3,29.9,29.9,2419.5,25.9,1.15684631,0.990271807633884
838,Нефть и нефтепродукты,2027,общий уровень,в целом,234.0,234.0,404.1,404.1,1638.6,387.8,1.04198428,0.9490300425077418
839,Руды металлические,2027,общий уровень,в целом,153.8,153.8,198.0,198.0,1200.9,166.2,1.191622922,0.9323612137420494
840,Черные металлы,2027,общий уровень,в целом,79.0,79.0,197.4,197.4,1991.1,151.1,1.306620382,0.796866440368328
841,Лесные грузы,2027,общий уровень,в целом,37.9,37.9,85.9,85.9,1765.4,75.7,1.134572392,0.778570542819792
842,Минерально-строительные материалы,2027,общий уровень,в целом,224.6,224.6,261.9,261.9,1013.0,206.9,1.266034243,0.8686397793710751
843,Химические и минеральные удобрения,2027,общий уровень,в целом,79.2,79.2,156.8,156.8,1702.9,99.3,1.579658402,0.8604555756068474
844,Зерно и продукты перемола,2027,общий уровень,в целом,33.5,33.5,61.9,61.9,1726.6,47.7,1.297392714,0.9356460968227815
845,Прочие,2027,общий уровень,в целом,153.4,153.4,446.1,446.1,2976.7,291.6,1.529879389,1.023792601742918
846,Грузы на своих осях,2027,общий уровень,в целом,0.0,0.0,732.0,732.0,0.0,703.0,1.041186209,
847,Уголь каменный,2028,общий уровень,в целом,394.1,394.1,1295.1,1295.1,3033.0,1149.8,1.12635025,0.9229356899195968
848,Кокс каменноугольный,2028,общий уровень,в целом,12.4,12.4,30.3,30.3,2423.0,25.9,1.170975174,0.9902153580507459
849,Нефть и нефтепродукты,2028,общий уровень,в целом,236.8,236.8,409.3,409.3,1636.3,387.8,1.055374596,0.9467180510192251
850,Руды металлические,2028,общий уровень,в целом,157.4,157.4,201.1,201.1,1195.2,166.2,1.209941036,0.9354848120713917
851,Черные металлы,2028,общий уровень,в целом,80.8,80.8,201.1,201.1,1987.8,151.1,1.331081748,0.7992257462353515
852,Лесные грузы,2028,общий уровень,в целом,38.7,38.7,88.5,88.5,1778.7,75.7,1.169001424,0.7779319153140868
853,Минерально-строительные материалы,2028,общий уровень,в целом,230.7,230.7,269.0,269.0,1015.7,206.9,1.300360164,0.8713075944291176
854,Химические и минеральные удобрения,2028,общий уровень,в целом,81.8,81.8,160.8,160.8,1697.0,99.3,1.619516783,0.8633031227216301
855,Зерно и продукты перемола,2028,общий уровень,в целом,36.0,36.0,65.2,65.2,1701.9,47.7,1.366847125,0.9384842930601683
856,Прочие,2028,общий уровень,в целом,156.3,156.3,457.2,457.2,3000.7,291.6,1.5680852,1.0258229358006032
857,Грузы на своих осях,2028,общий уровень,в целом,0.0,0.0,741.3,741.3,0.0,703.0,1.054398458,
858,Уголь каменный,2029,общий уровень,в целом,407.0,407.0,1354.6,1354.6,3078.5,1149.8,1.178027545,0.9249831821040647
859,Кокс каменноугольный,2029,общий уровень,в целом,12.6,12.6,31.4,31.4,2465.8,25.9,1.213937554,0.9902380840278106
860,Нефть и нефтепродукты,2029,общий уровень,в целом,239.7,239.7,414.9,414.9,1635.4,387.8,1.069771011,0.9448700041482389
861,Руды металлические,2029,общий уровень,в целом,160.1,160.1,203.0,203.0,1190.4,166.2,1.221474162,0.9389911181289874
862,Черные металлы,2029,общий уровень,в целом,83.7,83.7,211.8,211.8,2033.3,151.1,1.402375691,0.8034263494860913
863,Лесные грузы,2029,общий уровень,в целом,39.6,39.6,91.2,91.2,1795.3,75.7,1.204562838,0.7790141227028501
864,Минерально-строительные материалы,2029,общий уровень,в целом,236.9,236.9,276.1,276.1,1018.5,206.9,1.334539811,0.8738222583672667
865,Химические и минеральные удобрения,2029,общий уровень,в целом,84.3,84.3,165.9,165.9,1704.6,99.3,1.671451787,0.8659351569354505
866,Зерно и продукты перемола,2029,общий уровень,в целом,39.3,39.3,70.1,70.1,1680.3,47.7,1.4701557,0.9425745515171404
867,Прочие,2029,общий уровень,в целом,159.9,159.9,471.0,471.0,3026.4,291.6,1.61534704,1.0275895328430413
868,Грузы на своих осях,2029,общий уровень,в целом,0.0,0.0,761.1,761.1,0.0,703.0,1.082652824,
869,Уголь каменный,2030,общий уровень,в целом,420.3,420.3,1416.6,1416.6,3124.4,1149.8,1.231979182,0.926975197834391
870,Кокс каменноугольный,2030,общий уровень,в целом,12.8,12.8,31.8,31.8,2468.7,25.9,1.228450121,0.9901866401664544
871,Нефть и нефтепродукты,2030,общий уровень,в целом,242.2,242.2,419.8,419.8,1634.3,387.8,1.082427296,0.942986552794511
872,Руды металлические,2030,общий уровень,в целом,162.2,162.2,203.8,203.8,1184.1,166.2,1.226444951,0.9421704824376891
873,Черные металлы,2030,общий уровень,в целом,86.4,86.4,221.7,221.7,2072.2,151.1,1.467846002,0.8069876072015385
874,Лесные грузы,2030,общий уровень,в целом,40.3,40.3,93.4,93.4,1806.2,75.7,1.233819466,0.7805052655343584
875,Минерально-строительные материалы,2030,общий уровень,в целом,242.9,242.9,283.1,283.1,1021.2,206.9,1.36849939,0.876189568453425
876,Химические и минеральные удобрения,2030,общий уровень,в целом,86.4,86.4,169.7,169.7,1703.9,99.3,1.709226927,0.8679437747110273
877,Зерно и продукты перемола,2030,общий уровень,в целом,43.1,43.1,75.5,75.5,1657.2,47.7,1.582552165,0.9465073817266152
878,Прочие,2030,общий уровень,в целом,163.9,163.9,488.5,488.5,3061.9,291.6,1.675203194,1.0276004698747816
879,Грузы на своих осях,2030,общий уровень,в целом,0.0,0.0,780.2,780.2,0.0,703.0,1.109799881,
880,Уголь каменный,2031,общий уровень,в целом,420.3,420.3,1426.1,1426.1,3144.6,1149.8,1.240222212,0.9267687464597905
881,Кокс каменноугольный,2031,общий уровень,в целом,12.9,12.9,32.2,32.2,2471.6,25.9,1.243174706,0.990137794368404
882,Нефть и нефтепродукты,2031,общий уровень,в целом,244.6,244.6,424.5,424.5,1633.3,387.8,1.094468056,0.9411160781966208
883,Руды металлические,2031,общий уровень,в целом,164.6,164.6,205.8,205.8,1182.2,166.2,1.238244138,0.9454011898223615
884,Черные металлы,2031,общий уровень,в целом,88.1,88.1,227.8,227.8,2090.5,151.1,1.507746687,0.8088538309864229
885,Лесные грузы,2031,общий уровень,в целом,40.8,40.8,94.3,94.3,1803.5,75.7,1.245453296,0.7804630689240142
886,Минерально-строительные материалы,2031,общий уровень,в целом,248.8,248.8,289.8,289.8,1023.0,206.9,1.400978827,0.8784206191861544
887,Химические и минеральные удобрения,2031,общий уровень,в целом,88.2,88.2,173.0,173.0,1704.7,99.3,1.742604593,0.8694281233270643
888,Зерно и продукты перемола,2031,общий уровень,в целом,45.3,45.3,79.0,79.0,1653.7,47.7,1.656000176,0.9481511898109821
889,Прочие,2031,общий уровень,в целом,168.0,168.0,507.3,507.3,3100.0,291.6,1.739647349,1.026965482946677
890,Грузы на своих осях,2031,общий уровень,в целом,0.0,0.0,788.8,788.8,0.0,703.0,1.121980959,
891,Уголь каменный,2032,общий уровень,в целом,462.9,462.9,1623.5,1623.5,3271.5,1149.8,1.411932461,0.93287476364229
892,Кокс каменноугольный,2032,общий уровень,в целом,13.0,13.0,32.6,32.6,2474.5,25.9,1.258111309,0.9900914865809551
893,Нефть и нефтепродукты,2032,общий уровень,в целом,247.9,247.9,431.6,431.6,1635.6,387.8,1.112762045,0.9395094317908366
894,Руды металлические,2032,общий уровень,в целом,168.7,168.7,212.6,212.6,1195.6,166.2,1.279092674,0.9490767185194888
895,Черные металлы,2032,общий уровень,в целом,89.7,89.7,234.3,234.3,2116.6,151.1,1.550943443,0.8103976901167858
896,Лесные грузы,2032,общий уровень,в целом,41.2,41.2,95.3,95.3,1803.9,75.7,1.258698624,0.7803386091752794
897,Минерально-строительные материалы,2032,общий уровень,в целом,254.6,254.6,296.4,296.4,1025.0,206.9,1.432765557,0.8804786949591671
898,Химические и минеральные удобрения,2032,общий уровень,в целом,89.7,89.7,176.8,176.8,1716.4,99.3,1.780963292,0.8703953939300534
899,Зерно и продукты перемола,2032,общий уровень,в целом,47.1,47.1,82.3,82.3,1658.8,47.7,1.725625817,0.9492840766242322
900,Прочие,2032,общий уровень,в целом,173.9,173.9,537.2,537.2,3168.6,291.6,1.842352034,1.0254899357188398
901,Грузы на своих осях,2032,общий уровень,в целом,0.0,0.0,824.5,824.5,0.0,703.0,1.17269722,
902,Уголь каменный,2033,общий уровень,в целом,462.9,462.9,1624.3,1624.3,3272.5,1149.8,1.412641366,0.9326849378756062
903,Кокс каменноугольный,2033,общий уровень,в целом,13.2,13.2,33.0,33.0,2477.4,25.9,1.273153922,0.990046908828482
904,Нефть и нефтепродукты,2033,общий уровень,в целом,250.3,250.3,436.7,436.7,1636.0,387.8,1.125973768,0.9377382574583925
905,Руды металлические,2033,общий уровень,в целом,171.2,171.2,214.7,214.7,1194.3,166.2,1.292122575,0.9521486892429724
906,Черные металлы,2033,общий уровень,в целом,90.5,90.5,236.4,236.4,2118.5,151.1,1.565172115,0.810497458413711
907,Лесные грузы,2033,общий уровень,в целом,41.6,41.6,96.1,96.1,1802.1,75.7,1.269884839,0.7801260191877086
908,Минерально-строительные материалы,2033,общий уровень,в целом,260.3,260.3,302.9,302.9,1026.9,206.9,1.464151435,0.8824124715294505
909,Химические и минеральные удобрения,2033,общий уровень,в целом,90.7,90.7,179.2,179.2,1720.2,99.3,1.804547484,0.8708414268512283
910,Зерно и продукты перемола,2033,общий уровень,в целом,48.1,48.1,84.1,84.1,1660.0,47.7,1.763549596,0.9495505000757299
911,Прочие,2033,общий уровень,в целом,177.9,177.9,558.4,558.4,3212.3,291.6,1.915148174,1.0231872106538356
912,Грузы на своих осях,2033,общий уровень,в целом,0.0,0.0,829.0,829.0,0.0,703.0,1.179142126,
913,Уголь каменный,2034,общий уровень,в целом,462.9,462.9,1625.1,1625.1,3273.5,1149.8,1.413350275,0.9324951899204637
914,Кокс каменноугольный,2034,общий уровень,в целом,13.3,13.3,33.3,33.3,2480.2,25.9,1.288408552,0.9900047596382676
915,Нефть и нефтепродукты,2034,общий уровень,в целом,252.6,252.6,441.7,441.7,1636.4,387.8,1.138904538,0.9359916343672742
916,Руды металлические,2034,общий уровень,в целом,173.3,173.3,216.1,216.1,1190.4,166.2,1.300069061,0.9550739159425555
917,Черные металлы,2034,общий уровень,в целом,91.2,91.2,238.6,238.6,2120.5,151.1,1.579307906,0.8105802050961638
918,Лесные грузы,2034,общий уровень,в целом,42.0,42.0,96.9,96.9,1800.8,75.7,1.28081416,0.7798234937094858
919,Минерально-строительные материалы,2034,общий уровень,в целом,265.8,265.8,309.3,309.3,1028.9,206.9,1.495070097,0.884226150346505
920,Химические и минеральные удобрения,2034,общий уровень,в целом,91.7,91.7,181.5,181.5,1724.0,99.3,1.82792113,0.8712656653277732
921,Зерно и продукты перемола,2034,общий уровень,в целом,49.0,49.0,85.8,85.8,1662.1,47.7,1.798678364,0.9496971818583946
922,Прочие,2034,общий уровень,в целом,182.0,182.0,582.2,582.2,3264.7,291.6,1.996695404,1.0204109088791835
923,Грузы на своих осях,2034,общий уровень,в целом,0.0,0.0,833.4,833.4,0.0,703.0,1.185411383,
924,Уголь каменный,2035,общий уровень,в целом,462.9,462.9,1626.0,1626.0,3274.5,1149.8,1.414059188,0.9323055185817358
925,Кокс каменноугольный,2035,общий уровень,в целом,13.5,13.5,33.8,33.8,2483.0,25.9,1.3038752,0.9899649804302404
926,Нефть и нефтепродукты,2035,общий уровень,в целом,254.9,254.9,446.6,446.6,1636.8,387.8,1.15154158,0.9342667713180628
927,Руды металлические,2035,общий уровень,в целом,175.5,175.5,219.5,219.5,1198.6,166.2,1.320956114,0.9579380182291952
928,Черные металлы,2035,общий уровень,в целом,91.9,91.9,240.7,240.7,2122.5,151.1,1.593332843,0.8106408854903095
929,Лесные грузы,2035,общий уровень,в целом,42.3,42.3,97.7,97.7,1799.8,75.7,1.291392739,0.77942503545185
930,Минерально-строительные материалы,2035,общий уровень,в целом,271.2,271.2,315.6,315.6,1030.8,206.9,1.525449805,0.8859232829980941
931,Химические и минеральные удобрения,2035,общий уровень,в целом,92.7,92.7,183.8,183.8,1727.6,99.3,1.851049835,0.871666488642457
932,Зерно и продукты перемола,2035,общий уровень,в целом,49.8,49.8,87.2,87.2,1663.5,47.7,1.827078611,0.9496739853057334
933,Прочие,2035,общий уровень,в целом,186.2,186.2,604.4,604.4,3302.3,291.6,2.072837199,1.017205947806814
934,Грузы на своих осях,2035,общий уровень,в целом,0.0,0.0,838.1,838.1,0.0,703.0,1.192134342,
